fonte;metodo;MAE_MW;vies_MW;real_medio_MW;MAPE_%
CGH;persistencia;14,9;0,5;144,9;10,3
CGH;media_7d;20,4;0,4;144,9;14,1
CGH;media_14d;21,6;1,0;144,9;14,9
CGH;mediana_14d;21,9;0,9;144,9;15,1
CGH;media_28d;22,4;0,2;144,9;15,4
CGH;tendencia_14d;25,8;0,7;144,9;17,8
CGH;tendencia_28d;27,3;0,0;144,9;18,8
CGH;sazonal_aj_14d;29,7;3,7;144,9;20,5
MGD;media_14d;412,2;-47,0;5743,5;7,2
MGD;mediana_14d;421,7;25,5;5743,5;7,3
MGD;persistencia;427,3;-31,7;5743,5;7,4
MGD;media_7d;433,7;-57,9;5743,5;7,6
MGD;tendencia_28d;435,9;-12,2;5743,5;7,6
MGD;media_28d;447,4;-92,6;5743,5;7,8
MGD;sazonal_aj_14d;483,8;9,8;5743,5;8,4
MGD;tendencia_14d;510,0;-5,9;5743,5;8,9
PCH;persistencia;131,8;-5,0;1972,9;6,7
PCH;media_7d;186,6;0,1;1972,9;9,5
PCH;mediana_14d;196,4;9,1;1972,9;10,0
PCH;media_14d;201,7;8,3;1972,9;10,2
PCH;media_28d;208,6;8,5;1972,9;10,6
PCH;tendencia_14d;234,0;-0,2;1972,9;11,9
PCH;tendencia_28d;236,1;-1,6;1972,9;12,0
PCH;sazonal_aj_14d;265,0;16,5;1972,9;13,4
UHE;persistencia;46,4;-1,8;879,4;5,3
UHE;media_7d;61,6;0,6;879,4;7,0
UHE;mediana_14d;65,7;3,5;879,4;7,5
UHE;media_14d;65,9;5,0;879,4;7,5
UHE;media_28d;70,7;7,3;879,4;8,0
UHE;tendencia_14d;71,2;0,5;879,4;8,1
UHE;tendencia_28d;75,0;0,2;879,4;8,5
UHE;sazonal_aj_14d;77,7;2,1;879,4;8,8
UTE;persistencia;151,6;7,9;3268,8;4,6
UTE;media_7d;237,1;-16,6;3268,8;7,3
UTE;tendencia_14d;242,4;15,5;3268,8;7,4
UTE;mediana_14d;270,3;7,1;3268,8;8,3
UTE;tendencia_28d;279,8;11,0;3268,8;8,6
UTE;media_14d;280,1;-10,1;3268,8;8,6
UTE;sazonal_aj_14d;310,5;26,0;3268,8;9,5
UTE;media_28d;373,7;-34,7;3268,8;11,4
