fonte;metodo;MAE_MW;vies_MW;MAPE_%
CGH;persist_sexta;17,1;-1,5;11,8
CGH;nivel_x_perfil;18,3;-1,5;12,6
CGH;nivel_x_perfil_dow;18,4;-1,5;12,6
CGH;persist_semana;21,3;-0,2;14,7
MGD;persist_sexta;505,0;6,7;7,3
MGD;nivel_x_perfil;525,7;6,7;7,6
MGD;nivel_x_perfil_dow;528,0;6,7;7,6
MGD;persist_semana;564,0;-10,9;8,1
PCH;persist_sexta;142,4;-38,6;7,2
PCH;nivel_x_perfil;146,5;-38,6;7,5
PCH;nivel_x_perfil_dow;146,7;-38,6;7,5
PCH;persist_semana;172,8;-7,9;8,8
UHE;persist_sexta;55,0;-10,8;6,2
UHE;nivel_x_perfil;56,0;-10,8;6,4
UHE;nivel_x_perfil_dow;56,1;-10,8;6,4
UHE;persist_semana;66,9;-2,8;7,6
UTE;persist_sexta;157,8;21,8;4,9
UTE;nivel_x_perfil;159,8;21,8;5,0
UTE;nivel_x_perfil_dow;160,0;21,8;5,0
UTE;persist_semana;228,9;-29,2;7,1
