fonte;metodo;MAE;vies;real;MAPE%;horizonte
CGH;media7;30,0;0,4;145,4;20,6;15-28 dias
CGH;media7_deriva1a;47,9;9,0;145,4;32,9;15-28 dias
CGH;media7_deriva2a;58,8;23,0;145,4;40,5;15-28 dias
CGH;persist_deriva1a;48,3;9,3;145,4;33,2;15-28 dias
CGH;persist_deriva2a;58,4;22,5;145,4;40,2;15-28 dias
CGH;persistencia;29,4;-0,7;145,4;20,2;15-28 dias
MGD;media7;591,7;-116,9;6248,3;9,5;15-28 dias
MGD;media7_deriva1a;619,8;20,2;6248,3;9,9;15-28 dias
MGD;media7_deriva2a;600,1;38,7;6248,3;9,6;15-28 dias
MGD;persist_deriva1a;693,8;6,0;6248,3;11,1;15-28 dias
MGD;persist_deriva2a;673,4;24,6;6248,3;10,8;15-28 dias
MGD;persistencia;631,8;-128,8;6248,3;10,1;15-28 dias
PCH;media7;277,7;17,9;1987,4;14,0;15-28 dias
PCH;media7_deriva1a;355,5;16,6;1987,4;17,9;15-28 dias
PCH;media7_deriva2a;350,3;20,8;1987,4;17,6;15-28 dias
PCH;persist_deriva1a;356,3;-2,0;1987,4;17,9;15-28 dias
PCH;persist_deriva2a;350,0;3,7;1987,4;17,6;15-28 dias
PCH;persistencia;269,7;-4,8;1987,4;13,6;15-28 dias
UHE;media7;100,5;7,9;873,4;11,5;15-28 dias
UHE;media7_deriva1a;116,8;-4,5;873,4;13,4;15-28 dias
UHE;media7_deriva2a;107,2;-8,5;873,4;12,3;15-28 dias
UHE;persist_deriva1a;119,8;-12,1;873,4;13,7;15-28 dias
UHE;persist_deriva2a;112,1;-15,7;873,4;12,8;15-28 dias
UHE;persistencia;101,1;-1,7;873,4;11,6;15-28 dias
UTE;media7;486,7;-109,4;3143,8;15,5;15-28 dias
UTE;media7_deriva1a;448,1;-22,7;3143,8;14,3;15-28 dias
UTE;media7_deriva2a;439,4;-16,6;3143,8;14,0;15-28 dias
UTE;persist_deriva1a;463,0;21,5;3143,8;14,7;15-28 dias
UTE;persist_deriva2a;448,1;24,1;3143,8;14,3;15-28 dias
UTE;persistencia;458,0;-81,4;3143,8;14,6;15-28 dias
