rodada_dia;valido_para_dia;valido_para;valido_para_hora;previsao_mw;cd_subsistema;mnemonico_subsistema;nome_subsistema;tipo_fonte_energia;origem
2026-09-29;2026-09-29;2026-09-29 00:00:00;00:00:00;0,0;3;NE;Nordeste;UFV;ONS
2026-09-29;2026-09-29;2026-09-29 00:30:00;00:30:00;0,0;3;NE;Nordeste;UFV;ONS
2026-09-29;2026-09-29;2026-09-29 01:00:00;01:00:00;0,0;3;NE;Nordeste;UFV;ONS
2026-09-29;2026-09-29;2026-09-29 01:30:00;01:30:00;0,0;3;NE;Nordeste;UFV;ONS
2026-09-29;2026-09-29;2026-09-29 02:00:00;02:00:00;0,0;3;NE;Nordeste;UFV;ONS
2026-09-29;2026-09-29;2026-09-29 02:30:00;02:30:00;0,0;3;NE;Nordeste;UFV;ONS
2026-09-29;2026-09-29;2026-09-29 03:00:00;03:00:00;0,0;3;NE;Nordeste;UFV;ONS
2026-09-29;2026-09-29;2026-09-29 03:30:00;03:30:00;0,0;3;NE;Nordeste;UFV;ONS
2026-09-29;2026-09-29;2026-09-29 04:00:00;04:00:00;0,0;3;NE;Nordeste;UFV;ONS
2026-09-29;2026-09-29;2026-09-29 04:30:00;04:30:00;0,0;3;NE;Nordeste;UFV;ONS
2026-09-29;2026-09-29;2026-09-29 05:00:00;05:00:00;0,0;3;NE;Nordeste;UFV;ONS
2026-09-29;2026-09-29;2026-09-29 05:30:00;05:30:00;398,621;3;NE;Nordeste;UFV;ONS
2026-09-29;2026-09-29;2026-09-29 06:00:00;06:00:00;2644,306;3;NE;Nordeste;UFV;ONS
2026-09-29;2026-09-29;2026-09-29 06:30:00;06:30:00;4837,509;3;NE;Nordeste;UFV;ONS
2026-09-29;2026-09-29;2026-09-29 07:00:00;07:00:00;6524,669;3;NE;Nordeste;UFV;ONS
2026-09-29;2026-09-29;2026-09-29 07:30:00;07:30:00;7724,608;3;NE;Nordeste;UFV;ONS
2026-09-29;2026-09-29;2026-09-29 08:00:00;08:00:00;8474,527;3;NE;Nordeste;UFV;ONS
2026-09-29;2026-09-29;2026-09-29 08:30:00;08:30:00;8665,163;3;NE;Nordeste;UFV;ONS
2026-09-29;2026-09-29;2026-09-29 09:00:00;09:00:00;8688,366;3;NE;Nordeste;UFV;ONS
2026-09-29;2026-09-29;2026-09-29 09:30:00;09:30:00;8655,114;3;NE;Nordeste;UFV;ONS
2026-09-29;2026-09-29;2026-09-29 10:00:00;10:00:00;8654,349;3;NE;Nordeste;UFV;ONS
2026-09-29;2026-09-29;2026-09-29 10:30:00;10:30:00;8663,48;3;NE;Nordeste;UFV;ONS
2026-09-29;2026-09-29;2026-09-29 11:00:00;11:00:00;8634,846;3;NE;Nordeste;UFV;ONS
2026-09-29;2026-09-29;2026-09-29 11:30:00;11:30:00;8555,325;3;NE;Nordeste;UFV;ONS
2026-09-29;2026-09-29;2026-09-29 12:00:00;12:00:00;8458,291;3;NE;Nordeste;UFV;ONS
2026-09-29;2026-09-29;2026-09-29 12:30:00;12:30:00;8382,263;3;NE;Nordeste;UFV;ONS
2026-09-29;2026-09-29;2026-09-29 13:00:00;13:00:00;8400,813;3;NE;Nordeste;UFV;ONS
2026-09-29;2026-09-29;2026-09-29 13:30:00;13:30:00;8437,162;3;NE;Nordeste;UFV;ONS
2026-09-29;2026-09-29;2026-09-29 14:00:00;14:00:00;8431,828;3;NE;Nordeste;UFV;ONS
2026-09-29;2026-09-29;2026-09-29 14:30:00;14:30:00;8230,316;3;NE;Nordeste;UFV;ONS
2026-09-29;2026-09-29;2026-09-29 15:00:00;15:00:00;7663,648;3;NE;Nordeste;UFV;ONS
2026-09-29;2026-09-29;2026-09-29 15:30:00;15:30:00;6630,118;3;NE;Nordeste;UFV;ONS
2026-09-29;2026-09-29;2026-09-29 16:00:00;16:00:00;5109,121;3;NE;Nordeste;UFV;ONS
2026-09-29;2026-09-29;2026-09-29 16:30:00;16:30:00;3135,836;3;NE;Nordeste;UFV;ONS
2026-09-29;2026-09-29;2026-09-29 17:00:00;17:00:00;860,616;3;NE;Nordeste;UFV;ONS
2026-09-29;2026-09-29;2026-09-29 17:30:00;17:30:00;57,505;3;NE;Nordeste;UFV;ONS
2026-09-29;2026-09-29;2026-09-29 18:00:00;18:00:00;4,749;3;NE;Nordeste;UFV;ONS
2026-09-29;2026-09-29;2026-09-29 18:30:00;18:30:00;0,0;3;NE;Nordeste;UFV;ONS
2026-09-29;2026-09-29;2026-09-29 19:00:00;19:00:00;0,0;3;NE;Nordeste;UFV;ONS
2026-09-29;2026-09-29;2026-09-29 19:30:00;19:30:00;0,0;3;NE;Nordeste;UFV;ONS
2026-09-29;2026-09-29;2026-09-29 20:00:00;20:00:00;0,0;3;NE;Nordeste;UFV;ONS
2026-09-29;2026-09-29;2026-09-29 20:30:00;20:30:00;0,0;3;NE;Nordeste;UFV;ONS
2026-09-29;2026-09-29;2026-09-29 21:00:00;21:00:00;0,0;3;NE;Nordeste;UFV;ONS
2026-09-29;2026-09-29;2026-09-29 21:30:00;21:30:00;0,0;3;NE;Nordeste;UFV;ONS
2026-09-29;2026-09-29;2026-09-29 22:00:00;22:00:00;0,0;3;NE;Nordeste;UFV;ONS
2026-09-29;2026-09-29;2026-09-29 22:30:00;22:30:00;0,0;3;NE;Nordeste;UFV;ONS
2026-09-29;2026-09-29;2026-09-29 23:00:00;23:00:00;0,0;3;NE;Nordeste;UFV;ONS
2026-09-29;2026-09-29;2026-09-29 23:30:00;23:30:00;0,0;3;NE;Nordeste;UFV;ONS
2026-09-29;2026-09-30;2026-09-30 00:00:00;00:00:00;0,0;3;NE;Nordeste;UFV;ONS
2026-09-29;2026-09-30;2026-09-30 00:30:00;00:30:00;0,0;3;NE;Nordeste;UFV;ONS
2026-09-29;2026-09-30;2026-09-30 01:00:00;01:00:00;0,0;3;NE;Nordeste;UFV;ONS
2026-09-29;2026-09-30;2026-09-30 01:30:00;01:30:00;0,0;3;NE;Nordeste;UFV;ONS
2026-09-29;2026-09-30;2026-09-30 02:00:00;02:00:00;0,0;3;NE;Nordeste;UFV;ONS
2026-09-29;2026-09-30;2026-09-30 02:30:00;02:30:00;0,0;3;NE;Nordeste;UFV;ONS
2026-09-29;2026-09-30;2026-09-30 03:00:00;03:00:00;0,0;3;NE;Nordeste;UFV;ONS
2026-09-29;2026-09-30;2026-09-30 03:30:00;03:30:00;0,0;3;NE;Nordeste;UFV;ONS
2026-09-29;2026-09-30;2026-09-30 04:00:00;04:00:00;0,0;3;NE;Nordeste;UFV;ONS
2026-09-29;2026-09-30;2026-09-30 04:30:00;04:30:00;0,0;3;NE;Nordeste;UFV;ONS
2026-09-29;2026-09-30;2026-09-30 05:00:00;05:00:00;0,0;3;NE;Nordeste;UFV;ONS
2026-09-29;2026-09-30;2026-09-30 05:30:00;05:30:00;409,773;3;NE;Nordeste;UFV;ONS
2026-09-29;2026-09-30;2026-09-30 06:00:00;06:00:00;2352,825;3;NE;Nordeste;UFV;ONS
2026-09-29;2026-09-30;2026-09-30 06:30:00;06:30:00;4367,728;3;NE;Nordeste;UFV;ONS
2026-09-29;2026-09-30;2026-09-30 07:00:00;07:00:00;5994,209;3;NE;Nordeste;UFV;ONS
2026-09-29;2026-09-30;2026-09-30 07:30:00;07:30:00;7168,319;3;NE;Nordeste;UFV;ONS
2026-09-29;2026-09-30;2026-09-30 08:00:00;08:00:00;7905,184;3;NE;Nordeste;UFV;ONS
2026-09-29;2026-09-30;2026-09-30 08:30:00;08:30:00;8157,792;3;NE;Nordeste;UFV;ONS
2026-09-29;2026-09-30;2026-09-30 09:00:00;09:00:00;8223,856;3;NE;Nordeste;UFV;ONS
2026-09-29;2026-09-30;2026-09-30 09:30:00;09:30:00;8232,222;3;NE;Nordeste;UFV;ONS
2026-09-29;2026-09-30;2026-09-30 10:00:00;10:00:00;8256,17;3;NE;Nordeste;UFV;ONS
2026-09-29;2026-09-30;2026-09-30 10:30:00;10:30:00;8293,366;3;NE;Nordeste;UFV;ONS
2026-09-29;2026-09-30;2026-09-30 11:00:00;11:00:00;8292,583;3;NE;Nordeste;UFV;ONS
2026-09-29;2026-09-30;2026-09-30 11:30:00;11:30:00;8240,62;3;NE;Nordeste;UFV;ONS
2026-09-29;2026-09-30;2026-09-30 12:00:00;12:00:00;8162,78;3;NE;Nordeste;UFV;ONS
2026-09-29;2026-09-30;2026-09-30 12:30:00;12:30:00;8077,545;3;NE;Nordeste;UFV;ONS
2026-09-29;2026-09-30;2026-09-30 13:00:00;13:00:00;8087,155;3;NE;Nordeste;UFV;ONS
2026-09-29;2026-09-30;2026-09-30 13:30:00;13:30:00;8133,081;3;NE;Nordeste;UFV;ONS
2026-09-29;2026-09-30;2026-09-30 14:00:00;14:00:00;8191,102;3;NE;Nordeste;UFV;ONS
2026-09-29;2026-09-30;2026-09-30 14:30:00;14:30:00;8084,538;3;NE;Nordeste;UFV;ONS
2026-09-29;2026-09-30;2026-09-30 15:00:00;15:00:00;7613,995;3;NE;Nordeste;UFV;ONS
2026-09-29;2026-09-30;2026-09-30 15:30:00;15:30:00;6649,795;3;NE;Nordeste;UFV;ONS
2026-09-29;2026-09-30;2026-09-30 16:00:00;16:00:00;5184,087;3;NE;Nordeste;UFV;ONS
2026-09-29;2026-09-30;2026-09-30 16:30:00;16:30:00;3254,344;3;NE;Nordeste;UFV;ONS
2026-09-29;2026-09-30;2026-09-30 17:00:00;17:00:00;856,911;3;NE;Nordeste;UFV;ONS
2026-09-29;2026-09-30;2026-09-30 17:30:00;17:30:00;58,329;3;NE;Nordeste;UFV;ONS
2026-09-29;2026-09-30;2026-09-30 18:00:00;18:00:00;4,728;3;NE;Nordeste;UFV;ONS
2026-09-29;2026-09-30;2026-09-30 18:30:00;18:30:00;0,0;3;NE;Nordeste;UFV;ONS
2026-09-29;2026-09-30;2026-09-30 19:00:00;19:00:00;0,0;3;NE;Nordeste;UFV;ONS
2026-09-29;2026-09-30;2026-09-30 19:30:00;19:30:00;0,0;3;NE;Nordeste;UFV;ONS
2026-09-29;2026-09-30;2026-09-30 20:00:00;20:00:00;0,0;3;NE;Nordeste;UFV;ONS
2026-09-29;2026-09-30;2026-09-30 20:30:00;20:30:00;0,0;3;NE;Nordeste;UFV;ONS
2026-09-29;2026-09-30;2026-09-30 21:00:00;21:00:00;0,0;3;NE;Nordeste;UFV;ONS
2026-09-29;2026-09-30;2026-09-30 21:30:00;21:30:00;0,0;3;NE;Nordeste;UFV;ONS
2026-09-29;2026-09-30;2026-09-30 22:00:00;22:00:00;0,0;3;NE;Nordeste;UFV;ONS
2026-09-29;2026-09-30;2026-09-30 22:30:00;22:30:00;0,0;3;NE;Nordeste;UFV;ONS
2026-09-29;2026-09-30;2026-09-30 23:00:00;23:00:00;0,0;3;NE;Nordeste;UFV;ONS
2026-09-29;2026-09-30;2026-09-30 23:30:00;23:30:00;0,0;3;NE;Nordeste;UFV;ONS
2026-09-29;2026-10-01;2026-10-01 00:00:00;00:00:00;0,0;3;NE;Nordeste;UFV;ONS
2026-09-29;2026-10-01;2026-10-01 00:30:00;00:30:00;0,0;3;NE;Nordeste;UFV;ONS
2026-09-29;2026-10-01;2026-10-01 01:00:00;01:00:00;0,0;3;NE;Nordeste;UFV;ONS
2026-09-29;2026-10-01;2026-10-01 01:30:00;01:30:00;0,0;3;NE;Nordeste;UFV;ONS
2026-09-29;2026-10-01;2026-10-01 02:00:00;02:00:00;0,0;3;NE;Nordeste;UFV;ONS
2026-09-29;2026-10-01;2026-10-01 02:30:00;02:30:00;0,0;3;NE;Nordeste;UFV;ONS
2026-09-29;2026-10-01;2026-10-01 03:00:00;03:00:00;0,0;3;NE;Nordeste;UFV;ONS
2026-09-29;2026-10-01;2026-10-01 03:30:00;03:30:00;0,0;3;NE;Nordeste;UFV;ONS
2026-09-29;2026-10-01;2026-10-01 04:00:00;04:00:00;0,0;3;NE;Nordeste;UFV;ONS
2026-09-29;2026-10-01;2026-10-01 04:30:00;04:30:00;0,0;3;NE;Nordeste;UFV;ONS
2026-09-29;2026-10-01;2026-10-01 05:00:00;05:00:00;0,0;3;NE;Nordeste;UFV;ONS
2026-09-29;2026-10-01;2026-10-01 05:30:00;05:30:00;405,991;3;NE;Nordeste;UFV;ONS
2026-09-29;2026-10-01;2026-10-01 06:00:00;06:00:00;2524,892;3;NE;Nordeste;UFV;ONS
2026-09-29;2026-10-01;2026-10-01 06:30:00;06:30:00;4590,314;3;NE;Nordeste;UFV;ONS
2026-09-29;2026-10-01;2026-10-01 07:00:00;07:00:00;6250,325;3;NE;Nordeste;UFV;ONS
2026-09-29;2026-10-01;2026-10-01 07:30:00;07:30:00;7447,956;3;NE;Nordeste;UFV;ONS
2026-09-29;2026-10-01;2026-10-01 08:00:00;08:00:00;8214,254;3;NE;Nordeste;UFV;ONS
2026-09-29;2026-10-01;2026-10-01 08:30:00;08:30:00;8462,466;3;NE;Nordeste;UFV;ONS
2026-09-29;2026-10-01;2026-10-01 09:00:00;09:00:00;8527,741;3;NE;Nordeste;UFV;ONS
2026-09-29;2026-10-01;2026-10-01 09:30:00;09:30:00;8509,17;3;NE;Nordeste;UFV;ONS
2026-09-29;2026-10-01;2026-10-01 10:00:00;10:00:00;8498,329;3;NE;Nordeste;UFV;ONS
2026-09-29;2026-10-01;2026-10-01 10:30:00;10:30:00;8500,014;3;NE;Nordeste;UFV;ONS
2026-09-29;2026-10-01;2026-10-01 11:00:00;11:00:00;8467,826;3;NE;Nordeste;UFV;ONS
2026-09-29;2026-10-01;2026-10-01 11:30:00;11:30:00;8399,761;3;NE;Nordeste;UFV;ONS
2026-09-29;2026-10-01;2026-10-01 12:00:00;12:00:00;8312,467;3;NE;Nordeste;UFV;ONS
2026-09-29;2026-10-01;2026-10-01 12:30:00;12:30:00;8217,996;3;NE;Nordeste;UFV;ONS
2026-09-29;2026-10-01;2026-10-01 13:00:00;13:00:00;8216,892;3;NE;Nordeste;UFV;ONS
2026-09-29;2026-10-01;2026-10-01 13:30:00;13:30:00;8245,18;3;NE;Nordeste;UFV;ONS
2026-09-29;2026-10-01;2026-10-01 14:00:00;14:00:00;8292,442;3;NE;Nordeste;UFV;ONS
2026-09-29;2026-10-01;2026-10-01 14:30:00;14:30:00;8171,531;3;NE;Nordeste;UFV;ONS
2026-09-29;2026-10-01;2026-10-01 15:00:00;15:00:00;7691,72;3;NE;Nordeste;UFV;ONS
2026-09-29;2026-10-01;2026-10-01 15:30:00;15:30:00;6710,88;3;NE;Nordeste;UFV;ONS
2026-09-29;2026-10-01;2026-10-01 16:00:00;16:00:00;5226,428;3;NE;Nordeste;UFV;ONS
2026-09-29;2026-10-01;2026-10-01 16:30:00;16:30:00;3275,893;3;NE;Nordeste;UFV;ONS
2026-09-29;2026-10-01;2026-10-01 17:00:00;17:00:00;858,524;3;NE;Nordeste;UFV;ONS
2026-09-29;2026-10-01;2026-10-01 17:30:00;17:30:00;57,721;3;NE;Nordeste;UFV;ONS
2026-09-29;2026-10-01;2026-10-01 18:00:00;18:00:00;4,909;3;NE;Nordeste;UFV;ONS
2026-09-29;2026-10-01;2026-10-01 18:30:00;18:30:00;0,0;3;NE;Nordeste;UFV;ONS
2026-09-29;2026-10-01;2026-10-01 19:00:00;19:00:00;0,0;3;NE;Nordeste;UFV;ONS
2026-09-29;2026-10-01;2026-10-01 19:30:00;19:30:00;0,0;3;NE;Nordeste;UFV;ONS
2026-09-29;2026-10-01;2026-10-01 20:00:00;20:00:00;0,0;3;NE;Nordeste;UFV;ONS
2026-09-29;2026-10-01;2026-10-01 20:30:00;20:30:00;0,0;3;NE;Nordeste;UFV;ONS
2026-09-29;2026-10-01;2026-10-01 21:00:00;21:00:00;0,0;3;NE;Nordeste;UFV;ONS
2026-09-29;2026-10-01;2026-10-01 21:30:00;21:30:00;0,0;3;NE;Nordeste;UFV;ONS
2026-09-29;2026-10-01;2026-10-01 22:00:00;22:00:00;0,0;3;NE;Nordeste;UFV;ONS
2026-09-29;2026-10-01;2026-10-01 22:30:00;22:30:00;0,0;3;NE;Nordeste;UFV;ONS
2026-09-29;2026-10-01;2026-10-01 23:00:00;23:00:00;0,0;3;NE;Nordeste;UFV;ONS
2026-09-29;2026-10-01;2026-10-01 23:30:00;23:30:00;0,0;3;NE;Nordeste;UFV;ONS
2026-09-29;2026-10-02;2026-10-02 00:00:00;00:00:00;0,0;3;NE;Nordeste;UFV;ONS
2026-09-29;2026-10-02;2026-10-02 00:30:00;00:30:00;0,0;3;NE;Nordeste;UFV;ONS
2026-09-29;2026-10-02;2026-10-02 01:00:00;01:00:00;0,0;3;NE;Nordeste;UFV;ONS
2026-09-29;2026-10-02;2026-10-02 01:30:00;01:30:00;0,0;3;NE;Nordeste;UFV;ONS
2026-09-29;2026-10-02;2026-10-02 02:00:00;02:00:00;0,0;3;NE;Nordeste;UFV;ONS
2026-09-29;2026-10-02;2026-10-02 02:30:00;02:30:00;0,0;3;NE;Nordeste;UFV;ONS
2026-09-29;2026-10-02;2026-10-02 03:00:00;03:00:00;0,0;3;NE;Nordeste;UFV;ONS
2026-09-29;2026-10-02;2026-10-02 03:30:00;03:30:00;0,0;3;NE;Nordeste;UFV;ONS
2026-09-29;2026-10-02;2026-10-02 04:00:00;04:00:00;0,0;3;NE;Nordeste;UFV;ONS
2026-09-29;2026-10-02;2026-10-02 04:30:00;04:30:00;0,0;3;NE;Nordeste;UFV;ONS
2026-09-29;2026-10-02;2026-10-02 05:00:00;05:00:00;0,0;3;NE;Nordeste;UFV;ONS
2026-09-29;2026-10-02;2026-10-02 05:30:00;05:30:00;443,497;3;NE;Nordeste;UFV;ONS
2026-09-29;2026-10-02;2026-10-02 06:00:00;06:00:00;2600,65;3;NE;Nordeste;UFV;ONS
2026-09-29;2026-10-02;2026-10-02 06:30:00;06:30:00;4682,364;3;NE;Nordeste;UFV;ONS
2026-09-29;2026-10-02;2026-10-02 07:00:00;07:00:00;6328,463;3;NE;Nordeste;UFV;ONS
2026-09-29;2026-10-02;2026-10-02 07:30:00;07:30:00;7507,724;3;NE;Nordeste;UFV;ONS
2026-09-29;2026-10-02;2026-10-02 08:00:00;08:00:00;8232,336;3;NE;Nordeste;UFV;ONS
2026-09-29;2026-10-02;2026-10-02 08:30:00;08:30:00;8459,992;3;NE;Nordeste;UFV;ONS
2026-09-29;2026-10-02;2026-10-02 09:00:00;09:00:00;8507,19;3;NE;Nordeste;UFV;ONS
2026-09-29;2026-10-02;2026-10-02 09:30:00;09:30:00;8491,19;3;NE;Nordeste;UFV;ONS
2026-09-29;2026-10-02;2026-10-02 10:00:00;10:00:00;8483,407;3;NE;Nordeste;UFV;ONS
2026-09-29;2026-10-02;2026-10-02 10:30:00;10:30:00;8499,357;3;NE;Nordeste;UFV;ONS
2026-09-29;2026-10-02;2026-10-02 11:00:00;11:00:00;8479,507;3;NE;Nordeste;UFV;ONS
2026-09-29;2026-10-02;2026-10-02 11:30:00;11:30:00;8423,67;3;NE;Nordeste;UFV;ONS
2026-09-29;2026-10-02;2026-10-02 12:00:00;12:00:00;8347,236;3;NE;Nordeste;UFV;ONS
2026-09-29;2026-10-02;2026-10-02 12:30:00;12:30:00;8259,265;3;NE;Nordeste;UFV;ONS
2026-09-29;2026-10-02;2026-10-02 13:00:00;13:00:00;8261,33;3;NE;Nordeste;UFV;ONS
2026-09-29;2026-10-02;2026-10-02 13:30:00;13:30:00;8278,905;3;NE;Nordeste;UFV;ONS
2026-09-29;2026-10-02;2026-10-02 14:00:00;14:00:00;8315,742;3;NE;Nordeste;UFV;ONS
2026-09-29;2026-10-02;2026-10-02 14:30:00;14:30:00;8147,2;3;NE;Nordeste;UFV;ONS
2026-09-29;2026-10-02;2026-10-02 15:00:00;15:00:00;7615,451;3;NE;Nordeste;UFV;ONS
2026-09-29;2026-10-02;2026-10-02 15:30:00;15:30:00;6585,696;3;NE;Nordeste;UFV;ONS
2026-09-29;2026-10-02;2026-10-02 16:00:00;16:00:00;5088,261;3;NE;Nordeste;UFV;ONS
2026-09-29;2026-10-02;2026-10-02 16:30:00;16:30:00;3148,6;3;NE;Nordeste;UFV;ONS
2026-09-29;2026-10-02;2026-10-02 17:00:00;17:00:00;731,39;3;NE;Nordeste;UFV;ONS
2026-09-29;2026-10-02;2026-10-02 17:30:00;17:30:00;46,586;3;NE;Nordeste;UFV;ONS
2026-09-29;2026-10-02;2026-10-02 18:00:00;18:00:00;4,151;3;NE;Nordeste;UFV;ONS
2026-09-29;2026-10-02;2026-10-02 18:30:00;18:30:00;0,0;3;NE;Nordeste;UFV;ONS
2026-09-29;2026-10-02;2026-10-02 19:00:00;19:00:00;0,0;3;NE;Nordeste;UFV;ONS
2026-09-29;2026-10-02;2026-10-02 19:30:00;19:30:00;0,0;3;NE;Nordeste;UFV;ONS
2026-09-29;2026-10-02;2026-10-02 20:00:00;20:00:00;0,0;3;NE;Nordeste;UFV;ONS
2026-09-29;2026-10-02;2026-10-02 20:30:00;20:30:00;0,0;3;NE;Nordeste;UFV;ONS
2026-09-29;2026-10-02;2026-10-02 21:00:00;21:00:00;0,0;3;NE;Nordeste;UFV;ONS
2026-09-29;2026-10-02;2026-10-02 21:30:00;21:30:00;0,0;3;NE;Nordeste;UFV;ONS
2026-09-29;2026-10-02;2026-10-02 22:00:00;22:00:00;0,0;3;NE;Nordeste;UFV;ONS
2026-09-29;2026-10-02;2026-10-02 22:30:00;22:30:00;0,0;3;NE;Nordeste;UFV;ONS
2026-09-29;2026-10-02;2026-10-02 23:00:00;23:00:00;0,0;3;NE;Nordeste;UFV;ONS
2026-09-29;2026-10-02;2026-10-02 23:30:00;23:30:00;0,0;3;NE;Nordeste;UFV;ONS
2026-09-29;2026-10-03;2026-10-03 00:00:00;00:00:00;0,0;3;NE;Nordeste;UFV;ONS
2026-09-29;2026-10-03;2026-10-03 00:30:00;00:30:00;0,0;3;NE;Nordeste;UFV;ONS
2026-09-29;2026-10-03;2026-10-03 01:00:00;01:00:00;0,0;3;NE;Nordeste;UFV;ONS
2026-09-29;2026-10-03;2026-10-03 01:30:00;01:30:00;0,0;3;NE;Nordeste;UFV;ONS
2026-09-29;2026-10-03;2026-10-03 02:00:00;02:00:00;0,0;3;NE;Nordeste;UFV;ONS
2026-09-29;2026-10-03;2026-10-03 02:30:00;02:30:00;0,0;3;NE;Nordeste;UFV;ONS
2026-09-29;2026-10-03;2026-10-03 03:00:00;03:00:00;0,0;3;NE;Nordeste;UFV;ONS
2026-09-29;2026-10-03;2026-10-03 03:30:00;03:30:00;0,0;3;NE;Nordeste;UFV;ONS
2026-09-29;2026-10-03;2026-10-03 04:00:00;04:00:00;0,0;3;NE;Nordeste;UFV;ONS
2026-09-29;2026-10-03;2026-10-03 04:30:00;04:30:00;0,0;3;NE;Nordeste;UFV;ONS
2026-09-29;2026-10-03;2026-10-03 05:00:00;05:00:00;0,0;3;NE;Nordeste;UFV;ONS
2026-09-29;2026-10-03;2026-10-03 05:30:00;05:30:00;462,816;3;NE;Nordeste;UFV;ONS
2026-09-29;2026-10-03;2026-10-03 06:00:00;06:00:00;2554,346;3;NE;Nordeste;UFV;ONS
2026-09-29;2026-10-03;2026-10-03 06:30:00;06:30:00;4522,994;3;NE;Nordeste;UFV;ONS
2026-09-29;2026-10-03;2026-10-03 07:00:00;07:00:00;6222,988;3;NE;Nordeste;UFV;ONS
2026-09-29;2026-10-03;2026-10-03 07:30:00;07:30:00;7431,664;3;NE;Nordeste;UFV;ONS
2026-09-29;2026-10-03;2026-10-03 08:00:00;08:00:00;8148,592;3;NE;Nordeste;UFV;ONS
2026-09-29;2026-10-03;2026-10-03 08:30:00;08:30:00;8360,436;3;NE;Nordeste;UFV;ONS
2026-09-29;2026-10-03;2026-10-03 09:00:00;09:00:00;8377,325;3;NE;Nordeste;UFV;ONS
2026-09-29;2026-10-03;2026-10-03 09:30:00;09:30:00;8348,136;3;NE;Nordeste;UFV;ONS
2026-09-29;2026-10-03;2026-10-03 10:00:00;10:00:00;8349,154;3;NE;Nordeste;UFV;ONS
2026-09-29;2026-10-03;2026-10-03 10:30:00;10:30:00;8377,409;3;NE;Nordeste;UFV;ONS
2026-09-29;2026-10-03;2026-10-03 11:00:00;11:00:00;8377,279;3;NE;Nordeste;UFV;ONS
2026-09-29;2026-10-03;2026-10-03 11:30:00;11:30:00;8342,4;3;NE;Nordeste;UFV;ONS
2026-09-29;2026-10-03;2026-10-03 12:00:00;12:00:00;8282,252;3;NE;Nordeste;UFV;ONS
2026-09-29;2026-10-03;2026-10-03 12:30:00;12:30:00;8205,232;3;NE;Nordeste;UFV;ONS
2026-09-29;2026-10-03;2026-10-03 13:00:00;13:00:00;8184,064;3;NE;Nordeste;UFV;ONS
2026-09-29;2026-10-03;2026-10-03 13:30:00;13:30:00;8166,803;3;NE;Nordeste;UFV;ONS
2026-09-29;2026-10-03;2026-10-03 14:00:00;14:00:00;8156,168;3;NE;Nordeste;UFV;ONS
2026-09-29;2026-10-03;2026-10-03 14:30:00;14:30:00;7963,734;3;NE;Nordeste;UFV;ONS
2026-09-29;2026-10-03;2026-10-03 15:00:00;15:00:00;7436,915;3;NE;Nordeste;UFV;ONS
2026-09-29;2026-10-03;2026-10-03 15:30:00;15:30:00;6440,567;3;NE;Nordeste;UFV;ONS
2026-09-29;2026-10-03;2026-10-03 16:00:00;16:00:00;4990,872;3;NE;Nordeste;UFV;ONS
2026-09-29;2026-10-03;2026-10-03 16:30:00;16:30:00;3116,914;3;NE;Nordeste;UFV;ONS
2026-09-29;2026-10-03;2026-10-03 17:00:00;17:00:00;771,241;3;NE;Nordeste;UFV;ONS
2026-09-29;2026-10-03;2026-10-03 17:30:00;17:30:00;49,454;3;NE;Nordeste;UFV;ONS
2026-09-29;2026-10-03;2026-10-03 18:00:00;18:00:00;4,101;3;NE;Nordeste;UFV;ONS
2026-09-29;2026-10-03;2026-10-03 18:30:00;18:30:00;0,0;3;NE;Nordeste;UFV;ONS
2026-09-29;2026-10-03;2026-10-03 19:00:00;19:00:00;0,0;3;NE;Nordeste;UFV;ONS
2026-09-29;2026-10-03;2026-10-03 19:30:00;19:30:00;0,0;3;NE;Nordeste;UFV;ONS
2026-09-29;2026-10-03;2026-10-03 20:00:00;20:00:00;0,0;3;NE;Nordeste;UFV;ONS
2026-09-29;2026-10-03;2026-10-03 20:30:00;20:30:00;0,0;3;NE;Nordeste;UFV;ONS
2026-09-29;2026-10-03;2026-10-03 21:00:00;21:00:00;0,0;3;NE;Nordeste;UFV;ONS
2026-09-29;2026-10-03;2026-10-03 21:30:00;21:30:00;0,0;3;NE;Nordeste;UFV;ONS
2026-09-29;2026-10-03;2026-10-03 22:00:00;22:00:00;0,0;3;NE;Nordeste;UFV;ONS
2026-09-29;2026-10-03;2026-10-03 22:30:00;22:30:00;0,0;3;NE;Nordeste;UFV;ONS
2026-09-29;2026-10-03;2026-10-03 23:00:00;23:00:00;0,0;3;NE;Nordeste;UFV;ONS
2026-09-29;2026-10-03;2026-10-03 23:30:00;23:30:00;0,0;3;NE;Nordeste;UFV;ONS
2026-09-29;2026-10-04;2026-10-04 00:00:00;00:00:00;0,0;3;NE;Nordeste;UFV;ONS
2026-09-29;2026-10-04;2026-10-04 00:30:00;00:30:00;0,0;3;NE;Nordeste;UFV;ONS
2026-09-29;2026-10-04;2026-10-04 01:00:00;01:00:00;0,0;3;NE;Nordeste;UFV;ONS
2026-09-29;2026-10-04;2026-10-04 01:30:00;01:30:00;0,0;3;NE;Nordeste;UFV;ONS
2026-09-29;2026-10-04;2026-10-04 02:00:00;02:00:00;0,0;3;NE;Nordeste;UFV;ONS
2026-09-29;2026-10-04;2026-10-04 02:30:00;02:30:00;0,0;3;NE;Nordeste;UFV;ONS
2026-09-29;2026-10-04;2026-10-04 03:00:00;03:00:00;0,0;3;NE;Nordeste;UFV;ONS
2026-09-29;2026-10-04;2026-10-04 03:30:00;03:30:00;0,0;3;NE;Nordeste;UFV;ONS
2026-09-29;2026-10-04;2026-10-04 04:00:00;04:00:00;0,0;3;NE;Nordeste;UFV;ONS
2026-09-29;2026-10-04;2026-10-04 04:30:00;04:30:00;0,0;3;NE;Nordeste;UFV;ONS
2026-09-29;2026-10-04;2026-10-04 05:00:00;05:00:00;0,0;3;NE;Nordeste;UFV;ONS
2026-09-29;2026-10-04;2026-10-04 05:30:00;05:30:00;335,935;3;NE;Nordeste;UFV;ONS
2026-09-29;2026-10-04;2026-10-04 06:00:00;06:00:00;2164,528;3;NE;Nordeste;UFV;ONS
2026-09-29;2026-10-04;2026-10-04 06:30:00;06:30:00;4203,3;3;NE;Nordeste;UFV;ONS
2026-09-29;2026-10-04;2026-10-04 07:00:00;07:00:00;5945,521;3;NE;Nordeste;UFV;ONS
2026-09-29;2026-10-04;2026-10-04 07:30:00;07:30:00;7221,167;3;NE;Nordeste;UFV;ONS
2026-09-29;2026-10-04;2026-10-04 08:00:00;08:00:00;8061,801;3;NE;Nordeste;UFV;ONS
2026-09-29;2026-10-04;2026-10-04 08:30:00;08:30:00;8386,214;3;NE;Nordeste;UFV;ONS
2026-09-29;2026-10-04;2026-10-04 09:00:00;09:00:00;8466,975;3;NE;Nordeste;UFV;ONS
2026-09-29;2026-10-04;2026-10-04 09:30:00;09:30:00;8441,672;3;NE;Nordeste;UFV;ONS
2026-09-29;2026-10-04;2026-10-04 10:00:00;10:00:00;8446,884;3;NE;Nordeste;UFV;ONS
2026-09-29;2026-10-04;2026-10-04 10:30:00;10:30:00;8474,317;3;NE;Nordeste;UFV;ONS
2026-09-29;2026-10-04;2026-10-04 11:00:00;11:00:00;8473,655;3;NE;Nordeste;UFV;ONS
2026-09-29;2026-10-04;2026-10-04 11:30:00;11:30:00;8425,354;3;NE;Nordeste;UFV;ONS
2026-09-29;2026-10-04;2026-10-04 12:00:00;12:00:00;8355,706;3;NE;Nordeste;UFV;ONS
2026-09-29;2026-10-04;2026-10-04 12:30:00;12:30:00;8290,56;3;NE;Nordeste;UFV;ONS
2026-09-29;2026-10-04;2026-10-04 13:00:00;13:00:00;8284,258;3;NE;Nordeste;UFV;ONS
2026-09-29;2026-10-04;2026-10-04 13:30:00;13:30:00;8293,909;3;NE;Nordeste;UFV;ONS
2026-09-29;2026-10-04;2026-10-04 14:00:00;14:00:00;8303,969;3;NE;Nordeste;UFV;ONS
2026-09-29;2026-10-04;2026-10-04 14:30:00;14:30:00;8149,988;3;NE;Nordeste;UFV;ONS
2026-09-29;2026-10-04;2026-10-04 15:00:00;15:00:00;7640,879;3;NE;Nordeste;UFV;ONS
2026-09-29;2026-10-04;2026-10-04 15:30:00;15:30:00;6635,517;3;NE;Nordeste;UFV;ONS
2026-09-29;2026-10-04;2026-10-04 16:00:00;16:00:00;5133,891;3;NE;Nordeste;UFV;ONS
2026-09-29;2026-10-04;2026-10-04 16:30:00;16:30:00;3171,152;3;NE;Nordeste;UFV;ONS
2026-09-29;2026-10-04;2026-10-04 17:00:00;17:00:00;796,981;3;NE;Nordeste;UFV;ONS
2026-09-29;2026-10-04;2026-10-04 17:30:00;17:30:00;52,274;3;NE;Nordeste;UFV;ONS
2026-09-29;2026-10-04;2026-10-04 18:00:00;18:00:00;4,031;3;NE;Nordeste;UFV;ONS
2026-09-29;2026-10-04;2026-10-04 18:30:00;18:30:00;0,0;3;NE;Nordeste;UFV;ONS
2026-09-29;2026-10-04;2026-10-04 19:00:00;19:00:00;0,0;3;NE;Nordeste;UFV;ONS
2026-09-29;2026-10-04;2026-10-04 19:30:00;19:30:00;0,0;3;NE;Nordeste;UFV;ONS
2026-09-29;2026-10-04;2026-10-04 20:00:00;20:00:00;0,0;3;NE;Nordeste;UFV;ONS
2026-09-29;2026-10-04;2026-10-04 20:30:00;20:30:00;0,0;3;NE;Nordeste;UFV;ONS
2026-09-29;2026-10-04;2026-10-04 21:00:00;21:00:00;0,0;3;NE;Nordeste;UFV;ONS
2026-09-29;2026-10-04;2026-10-04 21:30:00;21:30:00;0,0;3;NE;Nordeste;UFV;ONS
2026-09-29;2026-10-04;2026-10-04 22:00:00;22:00:00;0,0;3;NE;Nordeste;UFV;ONS
2026-09-29;2026-10-04;2026-10-04 22:30:00;22:30:00;0,0;3;NE;Nordeste;UFV;ONS
2026-09-29;2026-10-04;2026-10-04 23:00:00;23:00:00;0,0;3;NE;Nordeste;UFV;ONS
2026-09-29;2026-10-04;2026-10-04 23:30:00;23:30:00;0,0;3;NE;Nordeste;UFV;ONS
2026-09-29;2026-10-05;2026-10-05 00:00:00;00:00:00;0,0;3;NE;Nordeste;UFV;ONS
2026-09-29;2026-10-05;2026-10-05 00:30:00;00:30:00;0,0;3;NE;Nordeste;UFV;ONS
2026-09-29;2026-10-05;2026-10-05 01:00:00;01:00:00;0,0;3;NE;Nordeste;UFV;ONS
2026-09-29;2026-10-05;2026-10-05 01:30:00;01:30:00;0,0;3;NE;Nordeste;UFV;ONS
2026-09-29;2026-10-05;2026-10-05 02:00:00;02:00:00;0,0;3;NE;Nordeste;UFV;ONS
2026-09-29;2026-10-05;2026-10-05 02:30:00;02:30:00;0,0;3;NE;Nordeste;UFV;ONS
2026-09-29;2026-10-05;2026-10-05 03:00:00;03:00:00;0,0;3;NE;Nordeste;UFV;ONS
2026-09-29;2026-10-05;2026-10-05 03:30:00;03:30:00;0,0;3;NE;Nordeste;UFV;ONS
2026-09-29;2026-10-05;2026-10-05 04:00:00;04:00:00;0,0;3;NE;Nordeste;UFV;ONS
2026-09-29;2026-10-05;2026-10-05 04:30:00;04:30:00;0,0;3;NE;Nordeste;UFV;ONS
2026-09-29;2026-10-05;2026-10-05 05:00:00;05:00:00;0,0;3;NE;Nordeste;UFV;ONS
2026-09-29;2026-10-05;2026-10-05 05:30:00;05:30:00;347,428;3;NE;Nordeste;UFV;ONS
2026-09-29;2026-10-05;2026-10-05 06:00:00;06:00:00;2332,192;3;NE;Nordeste;UFV;ONS
2026-09-29;2026-10-05;2026-10-05 06:30:00;06:30:00;4472,356;3;NE;Nordeste;UFV;ONS
2026-09-29;2026-10-05;2026-10-05 07:00:00;07:00:00;6253,032;3;NE;Nordeste;UFV;ONS
2026-09-29;2026-10-05;2026-10-05 07:30:00;07:30:00;7538,69;3;NE;Nordeste;UFV;ONS
2026-09-29;2026-10-05;2026-10-05 08:00:00;08:00:00;8365,273;3;NE;Nordeste;UFV;ONS
2026-09-29;2026-10-05;2026-10-05 08:30:00;08:30:00;8640,126;3;NE;Nordeste;UFV;ONS
2026-09-29;2026-10-05;2026-10-05 09:00:00;09:00:00;8656,721;3;NE;Nordeste;UFV;ONS
2026-09-29;2026-10-05;2026-10-05 09:30:00;09:30:00;8585,38;3;NE;Nordeste;UFV;ONS
2026-09-29;2026-10-05;2026-10-05 10:00:00;10:00:00;8572,466;3;NE;Nordeste;UFV;ONS
2026-09-29;2026-10-05;2026-10-05 10:30:00;10:30:00;8587,179;3;NE;Nordeste;UFV;ONS
2026-09-29;2026-10-05;2026-10-05 11:00:00;11:00:00;8566,658;3;NE;Nordeste;UFV;ONS
2026-09-29;2026-10-05;2026-10-05 11:30:00;11:30:00;8501,835;3;NE;Nordeste;UFV;ONS
2026-09-29;2026-10-05;2026-10-05 12:00:00;12:00:00;8418,967;3;NE;Nordeste;UFV;ONS
2026-09-29;2026-10-05;2026-10-05 12:30:00;12:30:00;8349,528;3;NE;Nordeste;UFV;ONS
2026-09-29;2026-10-05;2026-10-05 13:00:00;13:00:00;8372,94;3;NE;Nordeste;UFV;ONS
2026-09-29;2026-10-05;2026-10-05 13:30:00;13:30:00;8430,676;3;NE;Nordeste;UFV;ONS
2026-09-29;2026-10-05;2026-10-05 14:00:00;14:00:00;8494,312;3;NE;Nordeste;UFV;ONS
2026-09-29;2026-10-05;2026-10-05 14:30:00;14:30:00;8386,423;3;NE;Nordeste;UFV;ONS
2026-09-29;2026-10-05;2026-10-05 15:00:00;15:00:00;7903,236;3;NE;Nordeste;UFV;ONS
2026-09-29;2026-10-05;2026-10-05 15:30:00;15:30:00;6904,715;3;NE;Nordeste;UFV;ONS
2026-09-29;2026-10-05;2026-10-05 16:00:00;16:00:00;5390,54;3;NE;Nordeste;UFV;ONS
2026-09-29;2026-10-05;2026-10-05 16:30:00;16:30:00;3397,317;3;NE;Nordeste;UFV;ONS
2026-09-29;2026-10-05;2026-10-05 17:00:00;17:00:00;879,754;3;NE;Nordeste;UFV;ONS
2026-09-29;2026-10-05;2026-10-05 17:30:00;17:30:00;56,503;3;NE;Nordeste;UFV;ONS
2026-09-29;2026-10-05;2026-10-05 18:00:00;18:00:00;4,887;3;NE;Nordeste;UFV;ONS
2026-09-29;2026-10-05;2026-10-05 18:30:00;18:30:00;0,0;3;NE;Nordeste;UFV;ONS
2026-09-29;2026-10-05;2026-10-05 19:00:00;19:00:00;0,0;3;NE;Nordeste;UFV;ONS
2026-09-29;2026-10-05;2026-10-05 19:30:00;19:30:00;0,0;3;NE;Nordeste;UFV;ONS
2026-09-29;2026-10-05;2026-10-05 20:00:00;20:00:00;0,0;3;NE;Nordeste;UFV;ONS
2026-09-29;2026-10-05;2026-10-05 20:30:00;20:30:00;0,0;3;NE;Nordeste;UFV;ONS
2026-09-29;2026-10-05;2026-10-05 21:00:00;21:00:00;0,0;3;NE;Nordeste;UFV;ONS
2026-09-29;2026-10-05;2026-10-05 21:30:00;21:30:00;0,0;3;NE;Nordeste;UFV;ONS
2026-09-29;2026-10-05;2026-10-05 22:00:00;22:00:00;0,0;3;NE;Nordeste;UFV;ONS
2026-09-29;2026-10-05;2026-10-05 22:30:00;22:30:00;0,0;3;NE;Nordeste;UFV;ONS
2026-09-29;2026-10-05;2026-10-05 23:00:00;23:00:00;0,0;3;NE;Nordeste;UFV;ONS
2026-09-29;2026-10-05;2026-10-05 23:30:00;23:30:00;0,0;3;NE;Nordeste;UFV;ONS
2026-09-29;2026-10-06;2026-10-06 00:00:00;00:00:00;0,0;3;NE;Nordeste;UFV;ONS
2026-09-29;2026-10-06;2026-10-06 00:30:00;00:30:00;0,0;3;NE;Nordeste;UFV;ONS
2026-09-29;2026-10-06;2026-10-06 01:00:00;01:00:00;0,0;3;NE;Nordeste;UFV;ONS
2026-09-29;2026-10-06;2026-10-06 01:30:00;01:30:00;0,0;3;NE;Nordeste;UFV;ONS
2026-09-29;2026-10-06;2026-10-06 02:00:00;02:00:00;0,0;3;NE;Nordeste;UFV;ONS
2026-09-29;2026-10-06;2026-10-06 02:30:00;02:30:00;0,0;3;NE;Nordeste;UFV;ONS
2026-09-29;2026-10-06;2026-10-06 03:00:00;03:00:00;0,0;3;NE;Nordeste;UFV;ONS
2026-09-29;2026-10-06;2026-10-06 03:30:00;03:30:00;0,0;3;NE;Nordeste;UFV;ONS
2026-09-29;2026-10-06;2026-10-06 04:00:00;04:00:00;0,0;3;NE;Nordeste;UFV;ONS
2026-09-29;2026-10-06;2026-10-06 04:30:00;04:30:00;0,0;3;NE;Nordeste;UFV;ONS
2026-09-29;2026-10-06;2026-10-06 05:00:00;05:00:00;0,0;3;NE;Nordeste;UFV;ONS
2026-09-29;2026-10-06;2026-10-06 05:30:00;05:30:00;348,833;3;NE;Nordeste;UFV;ONS
2026-09-29;2026-10-06;2026-10-06 06:00:00;06:00:00;2296,685;3;NE;Nordeste;UFV;ONS
2026-09-29;2026-10-06;2026-10-06 06:30:00;06:30:00;4425,939;3;NE;Nordeste;UFV;ONS
2026-09-29;2026-10-06;2026-10-06 07:00:00;07:00:00;6186,301;3;NE;Nordeste;UFV;ONS
2026-09-29;2026-10-06;2026-10-06 07:30:00;07:30:00;7463,634;3;NE;Nordeste;UFV;ONS
2026-09-29;2026-10-06;2026-10-06 08:00:00;08:00:00;8288,531;3;NE;Nordeste;UFV;ONS
2026-09-29;2026-10-06;2026-10-06 08:30:00;08:30:00;8581,485;3;NE;Nordeste;UFV;ONS
2026-09-29;2026-10-06;2026-10-06 09:00:00;09:00:00;8614,286;3;NE;Nordeste;UFV;ONS
2026-09-29;2026-10-06;2026-10-06 09:30:00;09:30:00;8561,532;3;NE;Nordeste;UFV;ONS
2026-09-29;2026-10-06;2026-10-06 10:00:00;10:00:00;8547,274;3;NE;Nordeste;UFV;ONS
2026-09-29;2026-10-06;2026-10-06 10:30:00;10:30:00;8560,413;3;NE;Nordeste;UFV;ONS
2026-09-29;2026-10-06;2026-10-06 11:00:00;11:00:00;8534,233;3;NE;Nordeste;UFV;ONS
2026-09-29;2026-10-06;2026-10-06 11:30:00;11:30:00;8458,669;3;NE;Nordeste;UFV;ONS
2026-09-29;2026-10-06;2026-10-06 12:00:00;12:00:00;8363,142;3;NE;Nordeste;UFV;ONS
2026-09-29;2026-10-06;2026-10-06 12:30:00;12:30:00;8274,901;3;NE;Nordeste;UFV;ONS
2026-09-29;2026-10-06;2026-10-06 13:00:00;13:00:00;8275,681;3;NE;Nordeste;UFV;ONS
2026-09-29;2026-10-06;2026-10-06 13:30:00;13:30:00;8312,627;3;NE;Nordeste;UFV;ONS
2026-09-29;2026-10-06;2026-10-06 14:00:00;14:00:00;8355,931;3;NE;Nordeste;UFV;ONS
2026-09-29;2026-10-06;2026-10-06 14:30:00;14:30:00;8231,78;3;NE;Nordeste;UFV;ONS
2026-09-29;2026-10-06;2026-10-06 15:00:00;15:00:00;7737,695;3;NE;Nordeste;UFV;ONS
2026-09-29;2026-10-06;2026-10-06 15:30:00;15:30:00;6743,293;3;NE;Nordeste;UFV;ONS
2026-09-29;2026-10-06;2026-10-06 16:00:00;16:00:00;5242,904;3;NE;Nordeste;UFV;ONS
2026-09-29;2026-10-06;2026-10-06 16:30:00;16:30:00;3272,975;3;NE;Nordeste;UFV;ONS
2026-09-29;2026-10-06;2026-10-06 17:00:00;17:00:00;856,635;3;NE;Nordeste;UFV;ONS
2026-09-29;2026-10-06;2026-10-06 17:30:00;17:30:00;57,694;3;NE;Nordeste;UFV;ONS
2026-09-29;2026-10-06;2026-10-06 18:00:00;18:00:00;4,396;3;NE;Nordeste;UFV;ONS
2026-09-29;2026-10-06;2026-10-06 18:30:00;18:30:00;0,0;3;NE;Nordeste;UFV;ONS
2026-09-29;2026-10-06;2026-10-06 19:00:00;19:00:00;0,0;3;NE;Nordeste;UFV;ONS
2026-09-29;2026-10-06;2026-10-06 19:30:00;19:30:00;0,0;3;NE;Nordeste;UFV;ONS
2026-09-29;2026-10-06;2026-10-06 20:00:00;20:00:00;0,0;3;NE;Nordeste;UFV;ONS
2026-09-29;2026-10-06;2026-10-06 20:30:00;20:30:00;0,0;3;NE;Nordeste;UFV;ONS
2026-09-29;2026-10-06;2026-10-06 21:00:00;21:00:00;0,0;3;NE;Nordeste;UFV;ONS
2026-09-29;2026-10-06;2026-10-06 21:30:00;21:30:00;0,0;3;NE;Nordeste;UFV;ONS
2026-09-29;2026-10-06;2026-10-06 22:00:00;22:00:00;0,0;3;NE;Nordeste;UFV;ONS
2026-09-29;2026-10-06;2026-10-06 22:30:00;22:30:00;0,0;3;NE;Nordeste;UFV;ONS
2026-09-29;2026-10-06;2026-10-06 23:00:00;23:00:00;0,0;3;NE;Nordeste;UFV;ONS
2026-09-29;2026-10-06;2026-10-06 23:30:00;23:30:00;0,0;3;NE;Nordeste;UFV;ONS
2026-09-29;2026-10-07;2026-10-07 00:00:00;00:00:00;0,0;3;NE;Nordeste;UFV;ONS
2026-09-29;2026-10-07;2026-10-07 00:30:00;00:30:00;0,0;3;NE;Nordeste;UFV;ONS
2026-09-29;2026-10-07;2026-10-07 01:00:00;01:00:00;0,0;3;NE;Nordeste;UFV;ONS
2026-09-29;2026-10-07;2026-10-07 01:30:00;01:30:00;0,0;3;NE;Nordeste;UFV;ONS
2026-09-29;2026-10-07;2026-10-07 02:00:00;02:00:00;0,0;3;NE;Nordeste;UFV;ONS
2026-09-29;2026-10-07;2026-10-07 02:30:00;02:30:00;0,0;3;NE;Nordeste;UFV;ONS
2026-09-29;2026-10-07;2026-10-07 03:00:00;03:00:00;0,0;3;NE;Nordeste;UFV;ONS
2026-09-29;2026-10-07;2026-10-07 03:30:00;03:30:00;0,0;3;NE;Nordeste;UFV;ONS
2026-09-29;2026-10-07;2026-10-07 04:00:00;04:00:00;0,0;3;NE;Nordeste;UFV;ONS
2026-09-29;2026-10-07;2026-10-07 04:30:00;04:30:00;0,0;3;NE;Nordeste;UFV;ONS
2026-09-29;2026-10-07;2026-10-07 05:00:00;05:00:00;0,0;3;NE;Nordeste;UFV;ONS
2026-09-29;2026-10-07;2026-10-07 05:30:00;05:30:00;357,697;3;NE;Nordeste;UFV;ONS
2026-09-29;2026-10-07;2026-10-07 06:00:00;06:00:00;2268,069;3;NE;Nordeste;UFV;ONS
2026-09-29;2026-10-07;2026-10-07 06:30:00;06:30:00;4395,137;3;NE;Nordeste;UFV;ONS
2026-09-29;2026-10-07;2026-10-07 07:00:00;07:00:00;6158,655;3;NE;Nordeste;UFV;ONS
2026-09-29;2026-10-07;2026-10-07 07:30:00;07:30:00;7441,63;3;NE;Nordeste;UFV;ONS
2026-09-29;2026-10-07;2026-10-07 08:00:00;08:00:00;8271,074;3;NE;Nordeste;UFV;ONS
2026-09-29;2026-10-07;2026-10-07 08:30:00;08:30:00;8571,226;3;NE;Nordeste;UFV;ONS
2026-09-29;2026-10-07;2026-10-07 09:00:00;09:00:00;8612,201;3;NE;Nordeste;UFV;ONS
2026-09-29;2026-10-07;2026-10-07 09:30:00;09:30:00;8563,629;3;NE;Nordeste;UFV;ONS
2026-09-29;2026-10-07;2026-10-07 10:00:00;10:00:00;8555,208;3;NE;Nordeste;UFV;ONS
2026-09-29;2026-10-07;2026-10-07 10:30:00;10:30:00;8576,177;3;NE;Nordeste;UFV;ONS
2026-09-29;2026-10-07;2026-10-07 11:00:00;11:00:00;8559,133;3;NE;Nordeste;UFV;ONS
2026-09-29;2026-10-07;2026-10-07 11:30:00;11:30:00;8488,58;3;NE;Nordeste;UFV;ONS
2026-09-29;2026-10-07;2026-10-07 12:00:00;12:00:00;8389,729;3;NE;Nordeste;UFV;ONS
2026-09-29;2026-10-07;2026-10-07 12:30:00;12:30:00;8298,618;3;NE;Nordeste;UFV;ONS
2026-09-29;2026-10-07;2026-10-07 13:00:00;13:00:00;8298,642;3;NE;Nordeste;UFV;ONS
2026-09-29;2026-10-07;2026-10-07 13:30:00;13:30:00;8334,875;3;NE;Nordeste;UFV;ONS
2026-09-29;2026-10-07;2026-10-07 14:00:00;14:00:00;8381,943;3;NE;Nordeste;UFV;ONS
2026-09-29;2026-10-07;2026-10-07 14:30:00;14:30:00;8261,777;3;NE;Nordeste;UFV;ONS
2026-09-29;2026-10-07;2026-10-07 15:00:00;15:00:00;7774,273;3;NE;Nordeste;UFV;ONS
2026-09-29;2026-10-07;2026-10-07 15:30:00;15:30:00;6782,522;3;NE;Nordeste;UFV;ONS
2026-09-29;2026-10-07;2026-10-07 16:00:00;16:00:00;5282,599;3;NE;Nordeste;UFV;ONS
2026-09-29;2026-10-07;2026-10-07 16:30:00;16:30:00;3311,53;3;NE;Nordeste;UFV;ONS
2026-09-29;2026-10-07;2026-10-07 17:00:00;17:00:00;869,446;3;NE;Nordeste;UFV;ONS
2026-09-29;2026-10-07;2026-10-07 17:30:00;17:30:00;61,856;3;NE;Nordeste;UFV;ONS
2026-09-29;2026-10-07;2026-10-07 18:00:00;18:00:00;4,27;3;NE;Nordeste;UFV;ONS
2026-09-29;2026-10-07;2026-10-07 18:30:00;18:30:00;0,0;3;NE;Nordeste;UFV;ONS
2026-09-29;2026-10-07;2026-10-07 19:00:00;19:00:00;0,0;3;NE;Nordeste;UFV;ONS
2026-09-29;2026-10-07;2026-10-07 19:30:00;19:30:00;0,0;3;NE;Nordeste;UFV;ONS
2026-09-29;2026-10-07;2026-10-07 20:00:00;20:00:00;0,0;3;NE;Nordeste;UFV;ONS
2026-09-29;2026-10-07;2026-10-07 20:30:00;20:30:00;0,0;3;NE;Nordeste;UFV;ONS
2026-09-29;2026-10-07;2026-10-07 21:00:00;21:00:00;0,0;3;NE;Nordeste;UFV;ONS
2026-09-29;2026-10-07;2026-10-07 21:30:00;21:30:00;0,0;3;NE;Nordeste;UFV;ONS
2026-09-29;2026-10-07;2026-10-07 22:00:00;22:00:00;0,0;3;NE;Nordeste;UFV;ONS
2026-09-29;2026-10-07;2026-10-07 22:30:00;22:30:00;0,0;3;NE;Nordeste;UFV;ONS
2026-09-29;2026-10-07;2026-10-07 23:00:00;23:00:00;0,0;3;NE;Nordeste;UFV;ONS
2026-09-29;2026-10-07;2026-10-07 23:30:00;23:30:00;0,0;3;NE;Nordeste;UFV;ONS
2026-09-29;2026-10-08;2026-10-08 00:00:00;00:00:00;0,0;3;NE;Nordeste;UFV;ONS
2026-09-29;2026-10-08;2026-10-08 00:30:00;00:30:00;0,0;3;NE;Nordeste;UFV;ONS
2026-09-29;2026-10-08;2026-10-08 01:00:00;01:00:00;0,0;3;NE;Nordeste;UFV;ONS
2026-09-29;2026-10-08;2026-10-08 01:30:00;01:30:00;0,0;3;NE;Nordeste;UFV;ONS
2026-09-29;2026-10-08;2026-10-08 02:00:00;02:00:00;0,0;3;NE;Nordeste;UFV;ONS
2026-09-29;2026-10-08;2026-10-08 02:30:00;02:30:00;0,0;3;NE;Nordeste;UFV;ONS
2026-09-29;2026-10-08;2026-10-08 03:00:00;03:00:00;0,0;3;NE;Nordeste;UFV;ONS
2026-09-29;2026-10-08;2026-10-08 03:30:00;03:30:00;0,0;3;NE;Nordeste;UFV;ONS
2026-09-29;2026-10-08;2026-10-08 04:00:00;04:00:00;0,0;3;NE;Nordeste;UFV;ONS
2026-09-29;2026-10-08;2026-10-08 04:30:00;04:30:00;0,0;3;NE;Nordeste;UFV;ONS
2026-09-29;2026-10-08;2026-10-08 05:00:00;05:00:00;0,0;3;NE;Nordeste;UFV;ONS
2026-09-29;2026-10-08;2026-10-08 05:30:00;05:30:00;348,499;3;NE;Nordeste;UFV;ONS
2026-09-29;2026-10-08;2026-10-08 06:00:00;06:00:00;2288,42;3;NE;Nordeste;UFV;ONS
2026-09-29;2026-10-08;2026-10-08 06:30:00;06:30:00;4412,31;3;NE;Nordeste;UFV;ONS
2026-09-29;2026-10-08;2026-10-08 07:00:00;07:00:00;6165,321;3;NE;Nordeste;UFV;ONS
2026-09-29;2026-10-08;2026-10-08 07:30:00;07:30:00;7437,787;3;NE;Nordeste;UFV;ONS
2026-09-29;2026-10-08;2026-10-08 08:00:00;08:00:00;8265,933;3;NE;Nordeste;UFV;ONS
2026-09-29;2026-10-08;2026-10-08 08:30:00;08:30:00;8555,161;3;NE;Nordeste;UFV;ONS
2026-09-29;2026-10-08;2026-10-08 09:00:00;09:00:00;8608,048;3;NE;Nordeste;UFV;ONS
2026-09-29;2026-10-08;2026-10-08 09:30:00;09:30:00;8573,208;3;NE;Nordeste;UFV;ONS
2026-09-29;2026-10-08;2026-10-08 10:00:00;10:00:00;8579,702;3;NE;Nordeste;UFV;ONS
2026-09-29;2026-10-08;2026-10-08 10:30:00;10:30:00;8600,899;3;NE;Nordeste;UFV;ONS
2026-09-29;2026-10-08;2026-10-08 11:00:00;11:00:00;8578,759;3;NE;Nordeste;UFV;ONS
2026-09-29;2026-10-08;2026-10-08 11:30:00;11:30:00;8505,21;3;NE;Nordeste;UFV;ONS
2026-09-29;2026-10-08;2026-10-08 12:00:00;12:00:00;8404,824;3;NE;Nordeste;UFV;ONS
2026-09-29;2026-10-08;2026-10-08 12:30:00;12:30:00;8315,794;3;NE;Nordeste;UFV;ONS
2026-09-29;2026-10-08;2026-10-08 13:00:00;13:00:00;8319,378;3;NE;Nordeste;UFV;ONS
2026-09-29;2026-10-08;2026-10-08 13:30:00;13:30:00;8367,356;3;NE;Nordeste;UFV;ONS
2026-09-29;2026-10-08;2026-10-08 14:00:00;14:00:00;8426,512;3;NE;Nordeste;UFV;ONS
2026-09-29;2026-10-08;2026-10-08 14:30:00;14:30:00;8323,035;3;NE;Nordeste;UFV;ONS
2026-09-29;2026-10-08;2026-10-08 15:00:00;15:00:00;7840,099;3;NE;Nordeste;UFV;ONS
2026-09-29;2026-10-08;2026-10-08 15:30:00;15:30:00;6842,925;3;NE;Nordeste;UFV;ONS
2026-09-29;2026-10-08;2026-10-08 16:00:00;16:00:00;5329,324;3;NE;Nordeste;UFV;ONS
2026-09-29;2026-10-08;2026-10-08 16:30:00;16:30:00;3336,12;3;NE;Nordeste;UFV;ONS
2026-09-29;2026-10-08;2026-10-08 17:00:00;17:00:00;866,297;3;NE;Nordeste;UFV;ONS
2026-09-29;2026-10-08;2026-10-08 17:30:00;17:30:00;57,632;3;NE;Nordeste;UFV;ONS
2026-09-29;2026-10-08;2026-10-08 18:00:00;18:00:00;4,604;3;NE;Nordeste;UFV;ONS
2026-09-29;2026-10-08;2026-10-08 18:30:00;18:30:00;0,0;3;NE;Nordeste;UFV;ONS
2026-09-29;2026-10-08;2026-10-08 19:00:00;19:00:00;0,0;3;NE;Nordeste;UFV;ONS
2026-09-29;2026-10-08;2026-10-08 19:30:00;19:30:00;0,0;3;NE;Nordeste;UFV;ONS
2026-09-29;2026-10-08;2026-10-08 20:00:00;20:00:00;0,0;3;NE;Nordeste;UFV;ONS
2026-09-29;2026-10-08;2026-10-08 20:30:00;20:30:00;0,0;3;NE;Nordeste;UFV;ONS
2026-09-29;2026-10-08;2026-10-08 21:00:00;21:00:00;0,0;3;NE;Nordeste;UFV;ONS
2026-09-29;2026-10-08;2026-10-08 21:30:00;21:30:00;0,0;3;NE;Nordeste;UFV;ONS
2026-09-29;2026-10-08;2026-10-08 22:00:00;22:00:00;0,0;3;NE;Nordeste;UFV;ONS
2026-09-29;2026-10-08;2026-10-08 22:30:00;22:30:00;0,0;3;NE;Nordeste;UFV;ONS
2026-09-29;2026-10-08;2026-10-08 23:00:00;23:00:00;0,0;3;NE;Nordeste;UFV;ONS
2026-09-29;2026-10-08;2026-10-08 23:30:00;23:30:00;0,0;3;NE;Nordeste;UFV;ONS
2026-09-29;2026-09-29;2026-09-29 00:00:00;00:00:00;0,0;1;SE;Sudeste;UFV;ONS
2026-09-29;2026-09-29;2026-09-29 00:30:00;00:30:00;0,0;1;SE;Sudeste;UFV;ONS
2026-09-29;2026-09-29;2026-09-29 01:00:00;01:00:00;0,0;1;SE;Sudeste;UFV;ONS
2026-09-29;2026-09-29;2026-09-29 01:30:00;01:30:00;0,0;1;SE;Sudeste;UFV;ONS
2026-09-29;2026-09-29;2026-09-29 02:00:00;02:00:00;0,0;1;SE;Sudeste;UFV;ONS
2026-09-29;2026-09-29;2026-09-29 02:30:00;02:30:00;0,0;1;SE;Sudeste;UFV;ONS
2026-09-29;2026-09-29;2026-09-29 03:00:00;03:00:00;0,0;1;SE;Sudeste;UFV;ONS
2026-09-29;2026-09-29;2026-09-29 03:30:00;03:30:00;0,0;1;SE;Sudeste;UFV;ONS
2026-09-29;2026-09-29;2026-09-29 04:00:00;04:00:00;0,0;1;SE;Sudeste;UFV;ONS
2026-09-29;2026-09-29;2026-09-29 04:30:00;04:30:00;0,0;1;SE;Sudeste;UFV;ONS
2026-09-29;2026-09-29;2026-09-29 05:00:00;05:00:00;0,0;1;SE;Sudeste;UFV;ONS
2026-09-29;2026-09-29;2026-09-29 05:30:00;05:30:00;9,384;1;SE;Sudeste;UFV;ONS
2026-09-29;2026-09-29;2026-09-29 06:00:00;06:00:00;743,289;1;SE;Sudeste;UFV;ONS
2026-09-29;2026-09-29;2026-09-29 06:30:00;06:30:00;2825,795;1;SE;Sudeste;UFV;ONS
2026-09-29;2026-09-29;2026-09-29 07:00:00;07:00:00;4722,664;1;SE;Sudeste;UFV;ONS
2026-09-29;2026-09-29;2026-09-29 07:30:00;07:30:00;6359,785;1;SE;Sudeste;UFV;ONS
2026-09-29;2026-09-29;2026-09-29 08:00:00;08:00:00;7357,252;1;SE;Sudeste;UFV;ONS
2026-09-29;2026-09-29;2026-09-29 08:30:00;08:30:00;7845,841;1;SE;Sudeste;UFV;ONS
2026-09-29;2026-09-29;2026-09-29 09:00:00;09:00:00;7872,411;1;SE;Sudeste;UFV;ONS
2026-09-29;2026-09-29;2026-09-29 09:30:00;09:30:00;7801,51;1;SE;Sudeste;UFV;ONS
2026-09-29;2026-09-29;2026-09-29 10:00:00;10:00:00;7734,742;1;SE;Sudeste;UFV;ONS
2026-09-29;2026-09-29;2026-09-29 10:30:00;10:30:00;7747,956;1;SE;Sudeste;UFV;ONS
2026-09-29;2026-09-29;2026-09-29 11:00:00;11:00:00;7724,597;1;SE;Sudeste;UFV;ONS
2026-09-29;2026-09-29;2026-09-29 11:30:00;11:30:00;7578,088;1;SE;Sudeste;UFV;ONS
2026-09-29;2026-09-29;2026-09-29 12:00:00;12:00:00;7398,676;1;SE;Sudeste;UFV;ONS
2026-09-29;2026-09-29;2026-09-29 12:30:00;12:30:00;7274,722;1;SE;Sudeste;UFV;ONS
2026-09-29;2026-09-29;2026-09-29 13:00:00;13:00:00;7387,618;1;SE;Sudeste;UFV;ONS
2026-09-29;2026-09-29;2026-09-29 13:30:00;13:30:00;7615,803;1;SE;Sudeste;UFV;ONS
2026-09-29;2026-09-29;2026-09-29 14:00:00;14:00:00;7822,705;1;SE;Sudeste;UFV;ONS
2026-09-29;2026-09-29;2026-09-29 14:30:00;14:30:00;7868,925;1;SE;Sudeste;UFV;ONS
2026-09-29;2026-09-29;2026-09-29 15:00:00;15:00:00;7645,307;1;SE;Sudeste;UFV;ONS
2026-09-29;2026-09-29;2026-09-29 15:30:00;15:30:00;7029,209;1;SE;Sudeste;UFV;ONS
2026-09-29;2026-09-29;2026-09-29 16:00:00;16:00:00;5889,839;1;SE;Sudeste;UFV;ONS
2026-09-29;2026-09-29;2026-09-29 16:30:00;16:30:00;4306,488;1;SE;Sudeste;UFV;ONS
2026-09-29;2026-09-29;2026-09-29 17:00:00;17:00:00;2269,824;1;SE;Sudeste;UFV;ONS
2026-09-29;2026-09-29;2026-09-29 17:30:00;17:30:00;340,83;1;SE;Sudeste;UFV;ONS
2026-09-29;2026-09-29;2026-09-29 18:00:00;18:00:00;39,316;1;SE;Sudeste;UFV;ONS
2026-09-29;2026-09-29;2026-09-29 18:30:00;18:30:00;0,0;1;SE;Sudeste;UFV;ONS
2026-09-29;2026-09-29;2026-09-29 19:00:00;19:00:00;0,0;1;SE;Sudeste;UFV;ONS
2026-09-29;2026-09-29;2026-09-29 19:30:00;19:30:00;0,0;1;SE;Sudeste;UFV;ONS
2026-09-29;2026-09-29;2026-09-29 20:00:00;20:00:00;0,0;1;SE;Sudeste;UFV;ONS
2026-09-29;2026-09-29;2026-09-29 20:30:00;20:30:00;0,0;1;SE;Sudeste;UFV;ONS
2026-09-29;2026-09-29;2026-09-29 21:00:00;21:00:00;0,0;1;SE;Sudeste;UFV;ONS
2026-09-29;2026-09-29;2026-09-29 21:30:00;21:30:00;0,0;1;SE;Sudeste;UFV;ONS
2026-09-29;2026-09-29;2026-09-29 22:00:00;22:00:00;0,0;1;SE;Sudeste;UFV;ONS
2026-09-29;2026-09-29;2026-09-29 22:30:00;22:30:00;0,0;1;SE;Sudeste;UFV;ONS
2026-09-29;2026-09-29;2026-09-29 23:00:00;23:00:00;0,0;1;SE;Sudeste;UFV;ONS
2026-09-29;2026-09-29;2026-09-29 23:30:00;23:30:00;0,0;1;SE;Sudeste;UFV;ONS
2026-09-29;2026-09-30;2026-09-30 00:00:00;00:00:00;0,0;1;SE;Sudeste;UFV;ONS
2026-09-29;2026-09-30;2026-09-30 00:30:00;00:30:00;0,0;1;SE;Sudeste;UFV;ONS
2026-09-29;2026-09-30;2026-09-30 01:00:00;01:00:00;0,0;1;SE;Sudeste;UFV;ONS
2026-09-29;2026-09-30;2026-09-30 01:30:00;01:30:00;0,0;1;SE;Sudeste;UFV;ONS
2026-09-29;2026-09-30;2026-09-30 02:00:00;02:00:00;0,0;1;SE;Sudeste;UFV;ONS
2026-09-29;2026-09-30;2026-09-30 02:30:00;02:30:00;0,0;1;SE;Sudeste;UFV;ONS
2026-09-29;2026-09-30;2026-09-30 03:00:00;03:00:00;0,0;1;SE;Sudeste;UFV;ONS
2026-09-29;2026-09-30;2026-09-30 03:30:00;03:30:00;0,0;1;SE;Sudeste;UFV;ONS
2026-09-29;2026-09-30;2026-09-30 04:00:00;04:00:00;0,0;1;SE;Sudeste;UFV;ONS
2026-09-29;2026-09-30;2026-09-30 04:30:00;04:30:00;0,0;1;SE;Sudeste;UFV;ONS
2026-09-29;2026-09-30;2026-09-30 05:00:00;05:00:00;0,0;1;SE;Sudeste;UFV;ONS
2026-09-29;2026-09-30;2026-09-30 05:30:00;05:30:00;0,966;1;SE;Sudeste;UFV;ONS
2026-09-29;2026-09-30;2026-09-30 06:00:00;06:00:00;735,18;1;SE;Sudeste;UFV;ONS
2026-09-29;2026-09-30;2026-09-30 06:30:00;06:30:00;2783,025;1;SE;Sudeste;UFV;ONS
2026-09-29;2026-09-30;2026-09-30 07:00:00;07:00:00;4731,185;1;SE;Sudeste;UFV;ONS
2026-09-29;2026-09-30;2026-09-30 07:30:00;07:30:00;6211,908;1;SE;Sudeste;UFV;ONS
2026-09-29;2026-09-30;2026-09-30 08:00:00;08:00:00;7242,574;1;SE;Sudeste;UFV;ONS
2026-09-29;2026-09-30;2026-09-30 08:30:00;08:30:00;7786,825;1;SE;Sudeste;UFV;ONS
2026-09-29;2026-09-30;2026-09-30 09:00:00;09:00:00;7917,751;1;SE;Sudeste;UFV;ONS
2026-09-29;2026-09-30;2026-09-30 09:30:00;09:30:00;7867,109;1;SE;Sudeste;UFV;ONS
2026-09-29;2026-09-30;2026-09-30 10:00:00;10:00:00;7886,301;1;SE;Sudeste;UFV;ONS
2026-09-29;2026-09-30;2026-09-30 10:30:00;10:30:00;7882,684;1;SE;Sudeste;UFV;ONS
2026-09-29;2026-09-30;2026-09-30 11:00:00;11:00:00;7862,514;1;SE;Sudeste;UFV;ONS
2026-09-29;2026-09-30;2026-09-30 11:30:00;11:30:00;7681,947;1;SE;Sudeste;UFV;ONS
2026-09-29;2026-09-30;2026-09-30 12:00:00;12:00:00;7527,209;1;SE;Sudeste;UFV;ONS
2026-09-29;2026-09-30;2026-09-30 12:30:00;12:30:00;7469,493;1;SE;Sudeste;UFV;ONS
2026-09-29;2026-09-30;2026-09-30 13:00:00;13:00:00;7503,917;1;SE;Sudeste;UFV;ONS
2026-09-29;2026-09-30;2026-09-30 13:30:00;13:30:00;7715,268;1;SE;Sudeste;UFV;ONS
2026-09-29;2026-09-30;2026-09-30 14:00:00;14:00:00;7798,329;1;SE;Sudeste;UFV;ONS
2026-09-29;2026-09-30;2026-09-30 14:30:00;14:30:00;7776,956;1;SE;Sudeste;UFV;ONS
2026-09-29;2026-09-30;2026-09-30 15:00:00;15:00:00;7373,882;1;SE;Sudeste;UFV;ONS
2026-09-29;2026-09-30;2026-09-30 15:30:00;15:30:00;6641,215;1;SE;Sudeste;UFV;ONS
2026-09-29;2026-09-30;2026-09-30 16:00:00;16:00:00;5454,032;1;SE;Sudeste;UFV;ONS
2026-09-29;2026-09-30;2026-09-30 16:30:00;16:30:00;3866,487;1;SE;Sudeste;UFV;ONS
2026-09-29;2026-09-30;2026-09-30 17:00:00;17:00:00;1901,372;1;SE;Sudeste;UFV;ONS
2026-09-29;2026-09-30;2026-09-30 17:30:00;17:30:00;314,044;1;SE;Sudeste;UFV;ONS
2026-09-29;2026-09-30;2026-09-30 18:00:00;18:00:00;38,523;1;SE;Sudeste;UFV;ONS
2026-09-29;2026-09-30;2026-09-30 18:30:00;18:30:00;0,0;1;SE;Sudeste;UFV;ONS
2026-09-29;2026-09-30;2026-09-30 19:00:00;19:00:00;0,0;1;SE;Sudeste;UFV;ONS
2026-09-29;2026-09-30;2026-09-30 19:30:00;19:30:00;0,0;1;SE;Sudeste;UFV;ONS
2026-09-29;2026-09-30;2026-09-30 20:00:00;20:00:00;0,0;1;SE;Sudeste;UFV;ONS
2026-09-29;2026-09-30;2026-09-30 20:30:00;20:30:00;0,0;1;SE;Sudeste;UFV;ONS
2026-09-29;2026-09-30;2026-09-30 21:00:00;21:00:00;0,0;1;SE;Sudeste;UFV;ONS
2026-09-29;2026-09-30;2026-09-30 21:30:00;21:30:00;0,0;1;SE;Sudeste;UFV;ONS
2026-09-29;2026-09-30;2026-09-30 22:00:00;22:00:00;0,0;1;SE;Sudeste;UFV;ONS
2026-09-29;2026-09-30;2026-09-30 22:30:00;22:30:00;0,0;1;SE;Sudeste;UFV;ONS
2026-09-29;2026-09-30;2026-09-30 23:00:00;23:00:00;0,0;1;SE;Sudeste;UFV;ONS
2026-09-29;2026-09-30;2026-09-30 23:30:00;23:30:00;0,0;1;SE;Sudeste;UFV;ONS
2026-09-29;2026-10-01;2026-10-01 00:00:00;00:00:00;0,0;1;SE;Sudeste;UFV;ONS
2026-09-29;2026-10-01;2026-10-01 00:30:00;00:30:00;0,0;1;SE;Sudeste;UFV;ONS
2026-09-29;2026-10-01;2026-10-01 01:00:00;01:00:00;0,0;1;SE;Sudeste;UFV;ONS
2026-09-29;2026-10-01;2026-10-01 01:30:00;01:30:00;0,0;1;SE;Sudeste;UFV;ONS
2026-09-29;2026-10-01;2026-10-01 02:00:00;02:00:00;0,0;1;SE;Sudeste;UFV;ONS
2026-09-29;2026-10-01;2026-10-01 02:30:00;02:30:00;0,0;1;SE;Sudeste;UFV;ONS
2026-09-29;2026-10-01;2026-10-01 03:00:00;03:00:00;0,0;1;SE;Sudeste;UFV;ONS
2026-09-29;2026-10-01;2026-10-01 03:30:00;03:30:00;0,0;1;SE;Sudeste;UFV;ONS
2026-09-29;2026-10-01;2026-10-01 04:00:00;04:00:00;0,0;1;SE;Sudeste;UFV;ONS
2026-09-29;2026-10-01;2026-10-01 04:30:00;04:30:00;0,0;1;SE;Sudeste;UFV;ONS
2026-09-29;2026-10-01;2026-10-01 05:00:00;05:00:00;0,0;1;SE;Sudeste;UFV;ONS
2026-09-29;2026-10-01;2026-10-01 05:30:00;05:30:00;31,671;1;SE;Sudeste;UFV;ONS
2026-09-29;2026-10-01;2026-10-01 06:00:00;06:00:00;772,714;1;SE;Sudeste;UFV;ONS
2026-09-29;2026-10-01;2026-10-01 06:30:00;06:30:00;2779,676;1;SE;Sudeste;UFV;ONS
2026-09-29;2026-10-01;2026-10-01 07:00:00;07:00:00;4660,255;1;SE;Sudeste;UFV;ONS
2026-09-29;2026-10-01;2026-10-01 07:30:00;07:30:00;6115,13;1;SE;Sudeste;UFV;ONS
2026-09-29;2026-10-01;2026-10-01 08:00:00;08:00:00;7109,983;1;SE;Sudeste;UFV;ONS
2026-09-29;2026-10-01;2026-10-01 08:30:00;08:30:00;7615,184;1;SE;Sudeste;UFV;ONS
2026-09-29;2026-10-01;2026-10-01 09:00:00;09:00:00;7713,707;1;SE;Sudeste;UFV;ONS
2026-09-29;2026-10-01;2026-10-01 09:30:00;09:30:00;7675,278;1;SE;Sudeste;UFV;ONS
2026-09-29;2026-10-01;2026-10-01 10:00:00;10:00:00;7717,077;1;SE;Sudeste;UFV;ONS
2026-09-29;2026-10-01;2026-10-01 10:30:00;10:30:00;7743,92;1;SE;Sudeste;UFV;ONS
2026-09-29;2026-10-01;2026-10-01 11:00:00;11:00:00;7720,458;1;SE;Sudeste;UFV;ONS
2026-09-29;2026-10-01;2026-10-01 11:30:00;11:30:00;7565,777;1;SE;Sudeste;UFV;ONS
2026-09-29;2026-10-01;2026-10-01 12:00:00;12:00:00;7407,969;1;SE;Sudeste;UFV;ONS
2026-09-29;2026-10-01;2026-10-01 12:30:00;12:30:00;7287,519;1;SE;Sudeste;UFV;ONS
2026-09-29;2026-10-01;2026-10-01 13:00:00;13:00:00;7237,475;1;SE;Sudeste;UFV;ONS
2026-09-29;2026-10-01;2026-10-01 13:30:00;13:30:00;7302,717;1;SE;Sudeste;UFV;ONS
2026-09-29;2026-10-01;2026-10-01 14:00:00;14:00:00;7263,696;1;SE;Sudeste;UFV;ONS
2026-09-29;2026-10-01;2026-10-01 14:30:00;14:30:00;7131,923;1;SE;Sudeste;UFV;ONS
2026-09-29;2026-10-01;2026-10-01 15:00:00;15:00:00;6709,753;1;SE;Sudeste;UFV;ONS
2026-09-29;2026-10-01;2026-10-01 15:30:00;15:30:00;5963,47;1;SE;Sudeste;UFV;ONS
2026-09-29;2026-10-01;2026-10-01 16:00:00;16:00:00;4849,276;1;SE;Sudeste;UFV;ONS
2026-09-29;2026-10-01;2026-10-01 16:30:00;16:30:00;3395,45;1;SE;Sudeste;UFV;ONS
2026-09-29;2026-10-01;2026-10-01 17:00:00;17:00:00;1543,646;1;SE;Sudeste;UFV;ONS
2026-09-29;2026-10-01;2026-10-01 17:30:00;17:30:00;214,985;1;SE;Sudeste;UFV;ONS
2026-09-29;2026-10-01;2026-10-01 18:00:00;18:00:00;32,036;1;SE;Sudeste;UFV;ONS
2026-09-29;2026-10-01;2026-10-01 18:30:00;18:30:00;0,0;1;SE;Sudeste;UFV;ONS
2026-09-29;2026-10-01;2026-10-01 19:00:00;19:00:00;0,0;1;SE;Sudeste;UFV;ONS
2026-09-29;2026-10-01;2026-10-01 19:30:00;19:30:00;0,0;1;SE;Sudeste;UFV;ONS
2026-09-29;2026-10-01;2026-10-01 20:00:00;20:00:00;0,0;1;SE;Sudeste;UFV;ONS
2026-09-29;2026-10-01;2026-10-01 20:30:00;20:30:00;0,0;1;SE;Sudeste;UFV;ONS
2026-09-29;2026-10-01;2026-10-01 21:00:00;21:00:00;0,0;1;SE;Sudeste;UFV;ONS
2026-09-29;2026-10-01;2026-10-01 21:30:00;21:30:00;0,0;1;SE;Sudeste;UFV;ONS
2026-09-29;2026-10-01;2026-10-01 22:00:00;22:00:00;0,0;1;SE;Sudeste;UFV;ONS
2026-09-29;2026-10-01;2026-10-01 22:30:00;22:30:00;0,0;1;SE;Sudeste;UFV;ONS
2026-09-29;2026-10-01;2026-10-01 23:00:00;23:00:00;0,0;1;SE;Sudeste;UFV;ONS
2026-09-29;2026-10-01;2026-10-01 23:30:00;23:30:00;0,0;1;SE;Sudeste;UFV;ONS
2026-09-29;2026-10-02;2026-10-02 00:00:00;00:00:00;0,0;1;SE;Sudeste;UFV;ONS
2026-09-29;2026-10-02;2026-10-02 00:30:00;00:30:00;0,0;1;SE;Sudeste;UFV;ONS
2026-09-29;2026-10-02;2026-10-02 01:00:00;01:00:00;0,0;1;SE;Sudeste;UFV;ONS
2026-09-29;2026-10-02;2026-10-02 01:30:00;01:30:00;0,0;1;SE;Sudeste;UFV;ONS
2026-09-29;2026-10-02;2026-10-02 02:00:00;02:00:00;0,0;1;SE;Sudeste;UFV;ONS
2026-09-29;2026-10-02;2026-10-02 02:30:00;02:30:00;0,0;1;SE;Sudeste;UFV;ONS
2026-09-29;2026-10-02;2026-10-02 03:00:00;03:00:00;0,0;1;SE;Sudeste;UFV;ONS
2026-09-29;2026-10-02;2026-10-02 03:30:00;03:30:00;0,0;1;SE;Sudeste;UFV;ONS
2026-09-29;2026-10-02;2026-10-02 04:00:00;04:00:00;0,0;1;SE;Sudeste;UFV;ONS
2026-09-29;2026-10-02;2026-10-02 04:30:00;04:30:00;0,0;1;SE;Sudeste;UFV;ONS
2026-09-29;2026-10-02;2026-10-02 05:00:00;05:00:00;0,0;1;SE;Sudeste;UFV;ONS
2026-09-29;2026-10-02;2026-10-02 05:30:00;05:30:00;3,012;1;SE;Sudeste;UFV;ONS
2026-09-29;2026-10-02;2026-10-02 06:00:00;06:00:00;631,005;1;SE;Sudeste;UFV;ONS
2026-09-29;2026-10-02;2026-10-02 06:30:00;06:30:00;2372,623;1;SE;Sudeste;UFV;ONS
2026-09-29;2026-10-02;2026-10-02 07:00:00;07:00:00;4110,819;1;SE;Sudeste;UFV;ONS
2026-09-29;2026-10-02;2026-10-02 07:30:00;07:30:00;5519,497;1;SE;Sudeste;UFV;ONS
2026-09-29;2026-10-02;2026-10-02 08:00:00;08:00:00;6528,777;1;SE;Sudeste;UFV;ONS
2026-09-29;2026-10-02;2026-10-02 08:30:00;08:30:00;7081,554;1;SE;Sudeste;UFV;ONS
2026-09-29;2026-10-02;2026-10-02 09:00:00;09:00:00;7263,64;1;SE;Sudeste;UFV;ONS
2026-09-29;2026-10-02;2026-10-02 09:30:00;09:30:00;7251,886;1;SE;Sudeste;UFV;ONS
2026-09-29;2026-10-02;2026-10-02 10:00:00;10:00:00;7276,279;1;SE;Sudeste;UFV;ONS
2026-09-29;2026-10-02;2026-10-02 10:30:00;10:30:00;7251,833;1;SE;Sudeste;UFV;ONS
2026-09-29;2026-10-02;2026-10-02 11:00:00;11:00:00;7203,723;1;SE;Sudeste;UFV;ONS
2026-09-29;2026-10-02;2026-10-02 11:30:00;11:30:00;7032,715;1;SE;Sudeste;UFV;ONS
2026-09-29;2026-10-02;2026-10-02 12:00:00;12:00:00;6891,925;1;SE;Sudeste;UFV;ONS
2026-09-29;2026-10-02;2026-10-02 12:30:00;12:30:00;6796,909;1;SE;Sudeste;UFV;ONS
2026-09-29;2026-10-02;2026-10-02 13:00:00;13:00:00;6734,557;1;SE;Sudeste;UFV;ONS
2026-09-29;2026-10-02;2026-10-02 13:30:00;13:30:00;6766,246;1;SE;Sudeste;UFV;ONS
2026-09-29;2026-10-02;2026-10-02 14:00:00;14:00:00;6705,236;1;SE;Sudeste;UFV;ONS
2026-09-29;2026-10-02;2026-10-02 14:30:00;14:30:00;6627,984;1;SE;Sudeste;UFV;ONS
2026-09-29;2026-10-02;2026-10-02 15:00:00;15:00:00;6258,188;1;SE;Sudeste;UFV;ONS
2026-09-29;2026-10-02;2026-10-02 15:30:00;15:30:00;5608,693;1;SE;Sudeste;UFV;ONS
2026-09-29;2026-10-02;2026-10-02 16:00:00;16:00:00;4570,887;1;SE;Sudeste;UFV;ONS
2026-09-29;2026-10-02;2026-10-02 16:30:00;16:30:00;3196,165;1;SE;Sudeste;UFV;ONS
2026-09-29;2026-10-02;2026-10-02 17:00:00;17:00:00;1501,642;1;SE;Sudeste;UFV;ONS
2026-09-29;2026-10-02;2026-10-02 17:30:00;17:30:00;186,483;1;SE;Sudeste;UFV;ONS
2026-09-29;2026-10-02;2026-10-02 18:00:00;18:00:00;29,927;1;SE;Sudeste;UFV;ONS
2026-09-29;2026-10-02;2026-10-02 18:30:00;18:30:00;0,0;1;SE;Sudeste;UFV;ONS
2026-09-29;2026-10-02;2026-10-02 19:00:00;19:00:00;0,0;1;SE;Sudeste;UFV;ONS
2026-09-29;2026-10-02;2026-10-02 19:30:00;19:30:00;0,0;1;SE;Sudeste;UFV;ONS
2026-09-29;2026-10-02;2026-10-02 20:00:00;20:00:00;0,0;1;SE;Sudeste;UFV;ONS
2026-09-29;2026-10-02;2026-10-02 20:30:00;20:30:00;0,0;1;SE;Sudeste;UFV;ONS
2026-09-29;2026-10-02;2026-10-02 21:00:00;21:00:00;0,0;1;SE;Sudeste;UFV;ONS
2026-09-29;2026-10-02;2026-10-02 21:30:00;21:30:00;0,0;1;SE;Sudeste;UFV;ONS
2026-09-29;2026-10-02;2026-10-02 22:00:00;22:00:00;0,0;1;SE;Sudeste;UFV;ONS
2026-09-29;2026-10-02;2026-10-02 22:30:00;22:30:00;0,0;1;SE;Sudeste;UFV;ONS
2026-09-29;2026-10-02;2026-10-02 23:00:00;23:00:00;0,0;1;SE;Sudeste;UFV;ONS
2026-09-29;2026-10-02;2026-10-02 23:30:00;23:30:00;0,0;1;SE;Sudeste;UFV;ONS
2026-09-29;2026-10-03;2026-10-03 00:00:00;00:00:00;0,0;1;SE;Sudeste;UFV;ONS
2026-09-29;2026-10-03;2026-10-03 00:30:00;00:30:00;0,0;1;SE;Sudeste;UFV;ONS
2026-09-29;2026-10-03;2026-10-03 01:00:00;01:00:00;0,0;1;SE;Sudeste;UFV;ONS
2026-09-29;2026-10-03;2026-10-03 01:30:00;01:30:00;0,0;1;SE;Sudeste;UFV;ONS
2026-09-29;2026-10-03;2026-10-03 02:00:00;02:00:00;0,0;1;SE;Sudeste;UFV;ONS
2026-09-29;2026-10-03;2026-10-03 02:30:00;02:30:00;0,0;1;SE;Sudeste;UFV;ONS
2026-09-29;2026-10-03;2026-10-03 03:00:00;03:00:00;0,0;1;SE;Sudeste;UFV;ONS
2026-09-29;2026-10-03;2026-10-03 03:30:00;03:30:00;0,0;1;SE;Sudeste;UFV;ONS
2026-09-29;2026-10-03;2026-10-03 04:00:00;04:00:00;0,0;1;SE;Sudeste;UFV;ONS
2026-09-29;2026-10-03;2026-10-03 04:30:00;04:30:00;0,0;1;SE;Sudeste;UFV;ONS
2026-09-29;2026-10-03;2026-10-03 05:00:00;05:00:00;0,0;1;SE;Sudeste;UFV;ONS
2026-09-29;2026-10-03;2026-10-03 05:30:00;05:30:00;0,0;1;SE;Sudeste;UFV;ONS
2026-09-29;2026-10-03;2026-10-03 06:00:00;06:00:00;465,099;1;SE;Sudeste;UFV;ONS
2026-09-29;2026-10-03;2026-10-03 06:30:00;06:30:00;1861,678;1;SE;Sudeste;UFV;ONS
2026-09-29;2026-10-03;2026-10-03 07:00:00;07:00:00;3480,773;1;SE;Sudeste;UFV;ONS
2026-09-29;2026-10-03;2026-10-03 07:30:00;07:30:00;4791,211;1;SE;Sudeste;UFV;ONS
2026-09-29;2026-10-03;2026-10-03 08:00:00;08:00:00;5749,965;1;SE;Sudeste;UFV;ONS
2026-09-29;2026-10-03;2026-10-03 08:30:00;08:30:00;6351,829;1;SE;Sudeste;UFV;ONS
2026-09-29;2026-10-03;2026-10-03 09:00:00;09:00:00;6634,771;1;SE;Sudeste;UFV;ONS
2026-09-29;2026-10-03;2026-10-03 09:30:00;09:30:00;6718,936;1;SE;Sudeste;UFV;ONS
2026-09-29;2026-10-03;2026-10-03 10:00:00;10:00:00;6799,235;1;SE;Sudeste;UFV;ONS
2026-09-29;2026-10-03;2026-10-03 10:30:00;10:30:00;6827,117;1;SE;Sudeste;UFV;ONS
2026-09-29;2026-10-03;2026-10-03 11:00:00;11:00:00;6826,828;1;SE;Sudeste;UFV;ONS
2026-09-29;2026-10-03;2026-10-03 11:30:00;11:30:00;6718,132;1;SE;Sudeste;UFV;ONS
2026-09-29;2026-10-03;2026-10-03 12:00:00;12:00:00;6648,763;1;SE;Sudeste;UFV;ONS
2026-09-29;2026-10-03;2026-10-03 12:30:00;12:30:00;6591,429;1;SE;Sudeste;UFV;ONS
2026-09-29;2026-10-03;2026-10-03 13:00:00;13:00:00;6521,036;1;SE;Sudeste;UFV;ONS
2026-09-29;2026-10-03;2026-10-03 13:30:00;13:30:00;6537,295;1;SE;Sudeste;UFV;ONS
2026-09-29;2026-10-03;2026-10-03 14:00:00;14:00:00;6436,365;1;SE;Sudeste;UFV;ONS
2026-09-29;2026-10-03;2026-10-03 14:30:00;14:30:00;6258,091;1;SE;Sudeste;UFV;ONS
2026-09-29;2026-10-03;2026-10-03 15:00:00;15:00:00;5797,424;1;SE;Sudeste;UFV;ONS
2026-09-29;2026-10-03;2026-10-03 15:30:00;15:30:00;5102,763;1;SE;Sudeste;UFV;ONS
2026-09-29;2026-10-03;2026-10-03 16:00:00;16:00:00;4100,759;1;SE;Sudeste;UFV;ONS
2026-09-29;2026-10-03;2026-10-03 16:30:00;16:30:00;2830,911;1;SE;Sudeste;UFV;ONS
2026-09-29;2026-10-03;2026-10-03 17:00:00;17:00:00;1125,931;1;SE;Sudeste;UFV;ONS
2026-09-29;2026-10-03;2026-10-03 17:30:00;17:30:00;158,146;1;SE;Sudeste;UFV;ONS
2026-09-29;2026-10-03;2026-10-03 18:00:00;18:00:00;37,585;1;SE;Sudeste;UFV;ONS
2026-09-29;2026-10-03;2026-10-03 18:30:00;18:30:00;0,0;1;SE;Sudeste;UFV;ONS
2026-09-29;2026-10-03;2026-10-03 19:00:00;19:00:00;0,0;1;SE;Sudeste;UFV;ONS
2026-09-29;2026-10-03;2026-10-03 19:30:00;19:30:00;0,0;1;SE;Sudeste;UFV;ONS
2026-09-29;2026-10-03;2026-10-03 20:00:00;20:00:00;0,0;1;SE;Sudeste;UFV;ONS
2026-09-29;2026-10-03;2026-10-03 20:30:00;20:30:00;0,0;1;SE;Sudeste;UFV;ONS
2026-09-29;2026-10-03;2026-10-03 21:00:00;21:00:00;0,0;1;SE;Sudeste;UFV;ONS
2026-09-29;2026-10-03;2026-10-03 21:30:00;21:30:00;0,0;1;SE;Sudeste;UFV;ONS
2026-09-29;2026-10-03;2026-10-03 22:00:00;22:00:00;0,0;1;SE;Sudeste;UFV;ONS
2026-09-29;2026-10-03;2026-10-03 22:30:00;22:30:00;0,0;1;SE;Sudeste;UFV;ONS
2026-09-29;2026-10-03;2026-10-03 23:00:00;23:00:00;0,0;1;SE;Sudeste;UFV;ONS
2026-09-29;2026-10-03;2026-10-03 23:30:00;23:30:00;0,0;1;SE;Sudeste;UFV;ONS
2026-09-29;2026-10-04;2026-10-04 00:00:00;00:00:00;0,0;1;SE;Sudeste;UFV;ONS
2026-09-29;2026-10-04;2026-10-04 00:30:00;00:30:00;0,0;1;SE;Sudeste;UFV;ONS
2026-09-29;2026-10-04;2026-10-04 01:00:00;01:00:00;0,0;1;SE;Sudeste;UFV;ONS
2026-09-29;2026-10-04;2026-10-04 01:30:00;01:30:00;0,0;1;SE;Sudeste;UFV;ONS
2026-09-29;2026-10-04;2026-10-04 02:00:00;02:00:00;0,0;1;SE;Sudeste;UFV;ONS
2026-09-29;2026-10-04;2026-10-04 02:30:00;02:30:00;0,0;1;SE;Sudeste;UFV;ONS
2026-09-29;2026-10-04;2026-10-04 03:00:00;03:00:00;0,0;1;SE;Sudeste;UFV;ONS
2026-09-29;2026-10-04;2026-10-04 03:30:00;03:30:00;0,0;1;SE;Sudeste;UFV;ONS
2026-09-29;2026-10-04;2026-10-04 04:00:00;04:00:00;0,0;1;SE;Sudeste;UFV;ONS
2026-09-29;2026-10-04;2026-10-04 04:30:00;04:30:00;0,0;1;SE;Sudeste;UFV;ONS
2026-09-29;2026-10-04;2026-10-04 05:00:00;05:00:00;0,0;1;SE;Sudeste;UFV;ONS
2026-09-29;2026-10-04;2026-10-04 05:30:00;05:30:00;0,0;1;SE;Sudeste;UFV;ONS
2026-09-29;2026-10-04;2026-10-04 06:00:00;06:00:00;156,972;1;SE;Sudeste;UFV;ONS
2026-09-29;2026-10-04;2026-10-04 06:30:00;06:30:00;1160,169;1;SE;Sudeste;UFV;ONS
2026-09-29;2026-10-04;2026-10-04 07:00:00;07:00:00;2746,215;1;SE;Sudeste;UFV;ONS
2026-09-29;2026-10-04;2026-10-04 07:30:00;07:30:00;4093,904;1;SE;Sudeste;UFV;ONS
2026-09-29;2026-10-04;2026-10-04 08:00:00;08:00:00;5114,647;1;SE;Sudeste;UFV;ONS
2026-09-29;2026-10-04;2026-10-04 08:30:00;08:30:00;5835,502;1;SE;Sudeste;UFV;ONS
2026-09-29;2026-10-04;2026-10-04 09:00:00;09:00:00;6223,925;1;SE;Sudeste;UFV;ONS
2026-09-29;2026-10-04;2026-10-04 09:30:00;09:30:00;6373,307;1;SE;Sudeste;UFV;ONS
2026-09-29;2026-10-04;2026-10-04 10:00:00;10:00:00;6481,327;1;SE;Sudeste;UFV;ONS
2026-09-29;2026-10-04;2026-10-04 10:30:00;10:30:00;6540,357;1;SE;Sudeste;UFV;ONS
2026-09-29;2026-10-04;2026-10-04 11:00:00;11:00:00;6566,128;1;SE;Sudeste;UFV;ONS
2026-09-29;2026-10-04;2026-10-04 11:30:00;11:30:00;6477,457;1;SE;Sudeste;UFV;ONS
2026-09-29;2026-10-04;2026-10-04 12:00:00;12:00:00;6384,617;1;SE;Sudeste;UFV;ONS
2026-09-29;2026-10-04;2026-10-04 12:30:00;12:30:00;6303,363;1;SE;Sudeste;UFV;ONS
2026-09-29;2026-10-04;2026-10-04 13:00:00;13:00:00;6196,934;1;SE;Sudeste;UFV;ONS
2026-09-29;2026-10-04;2026-10-04 13:30:00;13:30:00;6168,615;1;SE;Sudeste;UFV;ONS
2026-09-29;2026-10-04;2026-10-04 14:00:00;14:00:00;6022,287;1;SE;Sudeste;UFV;ONS
2026-09-29;2026-10-04;2026-10-04 14:30:00;14:30:00;5767,477;1;SE;Sudeste;UFV;ONS
2026-09-29;2026-10-04;2026-10-04 15:00:00;15:00:00;5274,208;1;SE;Sudeste;UFV;ONS
2026-09-29;2026-10-04;2026-10-04 15:30:00;15:30:00;4605,42;1;SE;Sudeste;UFV;ONS
2026-09-29;2026-10-04;2026-10-04 16:00:00;16:00:00;3695,078;1;SE;Sudeste;UFV;ONS
2026-09-29;2026-10-04;2026-10-04 16:30:00;16:30:00;2574,063;1;SE;Sudeste;UFV;ONS
2026-09-29;2026-10-04;2026-10-04 17:00:00;17:00:00;1052,357;1;SE;Sudeste;UFV;ONS
2026-09-29;2026-10-04;2026-10-04 17:30:00;17:30:00;156,675;1;SE;Sudeste;UFV;ONS
2026-09-29;2026-10-04;2026-10-04 18:00:00;18:00:00;36,384;1;SE;Sudeste;UFV;ONS
2026-09-29;2026-10-04;2026-10-04 18:30:00;18:30:00;0,0;1;SE;Sudeste;UFV;ONS
2026-09-29;2026-10-04;2026-10-04 19:00:00;19:00:00;0,0;1;SE;Sudeste;UFV;ONS
2026-09-29;2026-10-04;2026-10-04 19:30:00;19:30:00;0,0;1;SE;Sudeste;UFV;ONS
2026-09-29;2026-10-04;2026-10-04 20:00:00;20:00:00;0,0;1;SE;Sudeste;UFV;ONS
2026-09-29;2026-10-04;2026-10-04 20:30:00;20:30:00;0,0;1;SE;Sudeste;UFV;ONS
2026-09-29;2026-10-04;2026-10-04 21:00:00;21:00:00;0,0;1;SE;Sudeste;UFV;ONS
2026-09-29;2026-10-04;2026-10-04 21:30:00;21:30:00;0,0;1;SE;Sudeste;UFV;ONS
2026-09-29;2026-10-04;2026-10-04 22:00:00;22:00:00;0,0;1;SE;Sudeste;UFV;ONS
2026-09-29;2026-10-04;2026-10-04 22:30:00;22:30:00;0,0;1;SE;Sudeste;UFV;ONS
2026-09-29;2026-10-04;2026-10-04 23:00:00;23:00:00;0,0;1;SE;Sudeste;UFV;ONS
2026-09-29;2026-10-04;2026-10-04 23:30:00;23:30:00;0,0;1;SE;Sudeste;UFV;ONS
2026-09-29;2026-10-05;2026-10-05 00:00:00;00:00:00;0,0;1;SE;Sudeste;UFV;ONS
2026-09-29;2026-10-05;2026-10-05 00:30:00;00:30:00;0,0;1;SE;Sudeste;UFV;ONS
2026-09-29;2026-10-05;2026-10-05 01:00:00;01:00:00;0,0;1;SE;Sudeste;UFV;ONS
2026-09-29;2026-10-05;2026-10-05 01:30:00;01:30:00;0,0;1;SE;Sudeste;UFV;ONS
2026-09-29;2026-10-05;2026-10-05 02:00:00;02:00:00;0,0;1;SE;Sudeste;UFV;ONS
2026-09-29;2026-10-05;2026-10-05 02:30:00;02:30:00;0,0;1;SE;Sudeste;UFV;ONS
2026-09-29;2026-10-05;2026-10-05 03:00:00;03:00:00;0,0;1;SE;Sudeste;UFV;ONS
2026-09-29;2026-10-05;2026-10-05 03:30:00;03:30:00;0,0;1;SE;Sudeste;UFV;ONS
2026-09-29;2026-10-05;2026-10-05 04:00:00;04:00:00;0,0;1;SE;Sudeste;UFV;ONS
2026-09-29;2026-10-05;2026-10-05 04:30:00;04:30:00;0,0;1;SE;Sudeste;UFV;ONS
2026-09-29;2026-10-05;2026-10-05 05:00:00;05:00:00;0,0;1;SE;Sudeste;UFV;ONS
2026-09-29;2026-10-05;2026-10-05 05:30:00;05:30:00;0,0;1;SE;Sudeste;UFV;ONS
2026-09-29;2026-10-05;2026-10-05 06:00:00;06:00:00;418,834;1;SE;Sudeste;UFV;ONS
2026-09-29;2026-10-05;2026-10-05 06:30:00;06:30:00;2035,606;1;SE;Sudeste;UFV;ONS
2026-09-29;2026-10-05;2026-10-05 07:00:00;07:00:00;3743,757;1;SE;Sudeste;UFV;ONS
2026-09-29;2026-10-05;2026-10-05 07:30:00;07:30:00;5069,887;1;SE;Sudeste;UFV;ONS
2026-09-29;2026-10-05;2026-10-05 08:00:00;08:00:00;6030,304;1;SE;Sudeste;UFV;ONS
2026-09-29;2026-10-05;2026-10-05 08:30:00;08:30:00;6630,936;1;SE;Sudeste;UFV;ONS
2026-09-29;2026-10-05;2026-10-05 09:00:00;09:00:00;6882,413;1;SE;Sudeste;UFV;ONS
2026-09-29;2026-10-05;2026-10-05 09:30:00;09:30:00;6931,348;1;SE;Sudeste;UFV;ONS
2026-09-29;2026-10-05;2026-10-05 10:00:00;10:00:00;6988,498;1;SE;Sudeste;UFV;ONS
2026-09-29;2026-10-05;2026-10-05 10:30:00;10:30:00;7023,124;1;SE;Sudeste;UFV;ONS
2026-09-29;2026-10-05;2026-10-05 11:00:00;11:00:00;7038,344;1;SE;Sudeste;UFV;ONS
2026-09-29;2026-10-05;2026-10-05 11:30:00;11:30:00;6935,187;1;SE;Sudeste;UFV;ONS
2026-09-29;2026-10-05;2026-10-05 12:00:00;12:00:00;6840,581;1;SE;Sudeste;UFV;ONS
2026-09-29;2026-10-05;2026-10-05 12:30:00;12:30:00;6788,967;1;SE;Sudeste;UFV;ONS
2026-09-29;2026-10-05;2026-10-05 13:00:00;13:00:00;6758,031;1;SE;Sudeste;UFV;ONS
2026-09-29;2026-10-05;2026-10-05 13:30:00;13:30:00;6852,048;1;SE;Sudeste;UFV;ONS
2026-09-29;2026-10-05;2026-10-05 14:00:00;14:00:00;6848,487;1;SE;Sudeste;UFV;ONS
2026-09-29;2026-10-05;2026-10-05 14:30:00;14:30:00;6794,55;1;SE;Sudeste;UFV;ONS
2026-09-29;2026-10-05;2026-10-05 15:00:00;15:00:00;6428,504;1;SE;Sudeste;UFV;ONS
2026-09-29;2026-10-05;2026-10-05 15:30:00;15:30:00;5779,938;1;SE;Sudeste;UFV;ONS
2026-09-29;2026-10-05;2026-10-05 16:00:00;16:00:00;4726,158;1;SE;Sudeste;UFV;ONS
2026-09-29;2026-10-05;2026-10-05 16:30:00;16:30:00;3321,656;1;SE;Sudeste;UFV;ONS
2026-09-29;2026-10-05;2026-10-05 17:00:00;17:00:00;1575,793;1;SE;Sudeste;UFV;ONS
2026-09-29;2026-10-05;2026-10-05 17:30:00;17:30:00;219,8;1;SE;Sudeste;UFV;ONS
2026-09-29;2026-10-05;2026-10-05 18:00:00;18:00:00;37,102;1;SE;Sudeste;UFV;ONS
2026-09-29;2026-10-05;2026-10-05 18:30:00;18:30:00;0,0;1;SE;Sudeste;UFV;ONS
2026-09-29;2026-10-05;2026-10-05 19:00:00;19:00:00;0,0;1;SE;Sudeste;UFV;ONS
2026-09-29;2026-10-05;2026-10-05 19:30:00;19:30:00;0,0;1;SE;Sudeste;UFV;ONS
2026-09-29;2026-10-05;2026-10-05 20:00:00;20:00:00;0,0;1;SE;Sudeste;UFV;ONS
2026-09-29;2026-10-05;2026-10-05 20:30:00;20:30:00;0,0;1;SE;Sudeste;UFV;ONS
2026-09-29;2026-10-05;2026-10-05 21:00:00;21:00:00;0,0;1;SE;Sudeste;UFV;ONS
2026-09-29;2026-10-05;2026-10-05 21:30:00;21:30:00;0,0;1;SE;Sudeste;UFV;ONS
2026-09-29;2026-10-05;2026-10-05 22:00:00;22:00:00;0,0;1;SE;Sudeste;UFV;ONS
2026-09-29;2026-10-05;2026-10-05 22:30:00;22:30:00;0,0;1;SE;Sudeste;UFV;ONS
2026-09-29;2026-10-05;2026-10-05 23:00:00;23:00:00;0,0;1;SE;Sudeste;UFV;ONS
2026-09-29;2026-10-05;2026-10-05 23:30:00;23:30:00;0,0;1;SE;Sudeste;UFV;ONS
2026-09-29;2026-10-06;2026-10-06 00:00:00;00:00:00;0,0;1;SE;Sudeste;UFV;ONS
2026-09-29;2026-10-06;2026-10-06 00:30:00;00:30:00;0,0;1;SE;Sudeste;UFV;ONS
2026-09-29;2026-10-06;2026-10-06 01:00:00;01:00:00;0,0;1;SE;Sudeste;UFV;ONS
2026-09-29;2026-10-06;2026-10-06 01:30:00;01:30:00;0,0;1;SE;Sudeste;UFV;ONS
2026-09-29;2026-10-06;2026-10-06 02:00:00;02:00:00;0,0;1;SE;Sudeste;UFV;ONS
2026-09-29;2026-10-06;2026-10-06 02:30:00;02:30:00;0,0;1;SE;Sudeste;UFV;ONS
2026-09-29;2026-10-06;2026-10-06 03:00:00;03:00:00;0,0;1;SE;Sudeste;UFV;ONS
2026-09-29;2026-10-06;2026-10-06 03:30:00;03:30:00;0,0;1;SE;Sudeste;UFV;ONS
2026-09-29;2026-10-06;2026-10-06 04:00:00;04:00:00;0,0;1;SE;Sudeste;UFV;ONS
2026-09-29;2026-10-06;2026-10-06 04:30:00;04:30:00;0,0;1;SE;Sudeste;UFV;ONS
2026-09-29;2026-10-06;2026-10-06 05:00:00;05:00:00;0,0;1;SE;Sudeste;UFV;ONS
2026-09-29;2026-10-06;2026-10-06 05:30:00;05:30:00;0,0;1;SE;Sudeste;UFV;ONS
2026-09-29;2026-10-06;2026-10-06 06:00:00;06:00:00;440,779;1;SE;Sudeste;UFV;ONS
2026-09-29;2026-10-06;2026-10-06 06:30:00;06:30:00;2164,865;1;SE;Sudeste;UFV;ONS
2026-09-29;2026-10-06;2026-10-06 07:00:00;07:00:00;3926,934;1;SE;Sudeste;UFV;ONS
2026-09-29;2026-10-06;2026-10-06 07:30:00;07:30:00;5332,953;1;SE;Sudeste;UFV;ONS
2026-09-29;2026-10-06;2026-10-06 08:00:00;08:00:00;6343,84;1;SE;Sudeste;UFV;ONS
2026-09-29;2026-10-06;2026-10-06 08:30:00;08:30:00;6980,62;1;SE;Sudeste;UFV;ONS
2026-09-29;2026-10-06;2026-10-06 09:00:00;09:00:00;7183,626;1;SE;Sudeste;UFV;ONS
2026-09-29;2026-10-06;2026-10-06 09:30:00;09:30:00;7217,891;1;SE;Sudeste;UFV;ONS
2026-09-29;2026-10-06;2026-10-06 10:00:00;10:00:00;7232,327;1;SE;Sudeste;UFV;ONS
2026-09-29;2026-10-06;2026-10-06 10:30:00;10:30:00;7229,074;1;SE;Sudeste;UFV;ONS
2026-09-29;2026-10-06;2026-10-06 11:00:00;11:00:00;7200,812;1;SE;Sudeste;UFV;ONS
2026-09-29;2026-10-06;2026-10-06 11:30:00;11:30:00;7073,83;1;SE;Sudeste;UFV;ONS
2026-09-29;2026-10-06;2026-10-06 12:00:00;12:00:00;6973,251;1;SE;Sudeste;UFV;ONS
2026-09-29;2026-10-06;2026-10-06 12:30:00;12:30:00;6912,375;1;SE;Sudeste;UFV;ONS
2026-09-29;2026-10-06;2026-10-06 13:00:00;13:00:00;6907,536;1;SE;Sudeste;UFV;ONS
2026-09-29;2026-10-06;2026-10-06 13:30:00;13:30:00;7045,974;1;SE;Sudeste;UFV;ONS
2026-09-29;2026-10-06;2026-10-06 14:00:00;14:00:00;7098,26;1;SE;Sudeste;UFV;ONS
2026-09-29;2026-10-06;2026-10-06 14:30:00;14:30:00;7099,598;1;SE;Sudeste;UFV;ONS
2026-09-29;2026-10-06;2026-10-06 15:00:00;15:00:00;6798,517;1;SE;Sudeste;UFV;ONS
2026-09-29;2026-10-06;2026-10-06 15:30:00;15:30:00;6178,427;1;SE;Sudeste;UFV;ONS
2026-09-29;2026-10-06;2026-10-06 16:00:00;16:00:00;5103,328;1;SE;Sudeste;UFV;ONS
2026-09-29;2026-10-06;2026-10-06 16:30:00;16:30:00;3634,817;1;SE;Sudeste;UFV;ONS
2026-09-29;2026-10-06;2026-10-06 17:00:00;17:00:00;1783,004;1;SE;Sudeste;UFV;ONS
2026-09-29;2026-10-06;2026-10-06 17:30:00;17:30:00;258,223;1;SE;Sudeste;UFV;ONS
2026-09-29;2026-10-06;2026-10-06 18:00:00;18:00:00;34,166;1;SE;Sudeste;UFV;ONS
2026-09-29;2026-10-06;2026-10-06 18:30:00;18:30:00;0,0;1;SE;Sudeste;UFV;ONS
2026-09-29;2026-10-06;2026-10-06 19:00:00;19:00:00;0,0;1;SE;Sudeste;UFV;ONS
2026-09-29;2026-10-06;2026-10-06 19:30:00;19:30:00;0,0;1;SE;Sudeste;UFV;ONS
2026-09-29;2026-10-06;2026-10-06 20:00:00;20:00:00;0,0;1;SE;Sudeste;UFV;ONS
2026-09-29;2026-10-06;2026-10-06 20:30:00;20:30:00;0,0;1;SE;Sudeste;UFV;ONS
2026-09-29;2026-10-06;2026-10-06 21:00:00;21:00:00;0,0;1;SE;Sudeste;UFV;ONS
2026-09-29;2026-10-06;2026-10-06 21:30:00;21:30:00;0,0;1;SE;Sudeste;UFV;ONS
2026-09-29;2026-10-06;2026-10-06 22:00:00;22:00:00;0,0;1;SE;Sudeste;UFV;ONS
2026-09-29;2026-10-06;2026-10-06 22:30:00;22:30:00;0,0;1;SE;Sudeste;UFV;ONS
2026-09-29;2026-10-06;2026-10-06 23:00:00;23:00:00;0,0;1;SE;Sudeste;UFV;ONS
2026-09-29;2026-10-06;2026-10-06 23:30:00;23:30:00;0,0;1;SE;Sudeste;UFV;ONS
2026-09-29;2026-10-07;2026-10-07 00:00:00;00:00:00;0,0;1;SE;Sudeste;UFV;ONS
2026-09-29;2026-10-07;2026-10-07 00:30:00;00:30:00;0,0;1;SE;Sudeste;UFV;ONS
2026-09-29;2026-10-07;2026-10-07 01:00:00;01:00:00;0,0;1;SE;Sudeste;UFV;ONS
2026-09-29;2026-10-07;2026-10-07 01:30:00;01:30:00;0,0;1;SE;Sudeste;UFV;ONS
2026-09-29;2026-10-07;2026-10-07 02:00:00;02:00:00;0,0;1;SE;Sudeste;UFV;ONS
2026-09-29;2026-10-07;2026-10-07 02:30:00;02:30:00;0,0;1;SE;Sudeste;UFV;ONS
2026-09-29;2026-10-07;2026-10-07 03:00:00;03:00:00;0,0;1;SE;Sudeste;UFV;ONS
2026-09-29;2026-10-07;2026-10-07 03:30:00;03:30:00;0,0;1;SE;Sudeste;UFV;ONS
2026-09-29;2026-10-07;2026-10-07 04:00:00;04:00:00;0,0;1;SE;Sudeste;UFV;ONS
2026-09-29;2026-10-07;2026-10-07 04:30:00;04:30:00;0,0;1;SE;Sudeste;UFV;ONS
2026-09-29;2026-10-07;2026-10-07 05:00:00;05:00:00;0,0;1;SE;Sudeste;UFV;ONS
2026-09-29;2026-10-07;2026-10-07 05:30:00;05:30:00;0,0;1;SE;Sudeste;UFV;ONS
2026-09-29;2026-10-07;2026-10-07 06:00:00;06:00:00;452,842;1;SE;Sudeste;UFV;ONS
2026-09-29;2026-10-07;2026-10-07 06:30:00;06:30:00;2164,736;1;SE;Sudeste;UFV;ONS
2026-09-29;2026-10-07;2026-10-07 07:00:00;07:00:00;3984,942;1;SE;Sudeste;UFV;ONS
2026-09-29;2026-10-07;2026-10-07 07:30:00;07:30:00;5350,61;1;SE;Sudeste;UFV;ONS
2026-09-29;2026-10-07;2026-10-07 08:00:00;08:00:00;6329,731;1;SE;Sudeste;UFV;ONS
2026-09-29;2026-10-07;2026-10-07 08:30:00;08:30:00;6950,526;1;SE;Sudeste;UFV;ONS
2026-09-29;2026-10-07;2026-10-07 09:00:00;09:00:00;7158,974;1;SE;Sudeste;UFV;ONS
2026-09-29;2026-10-07;2026-10-07 09:30:00;09:30:00;7191,654;1;SE;Sudeste;UFV;ONS
2026-09-29;2026-10-07;2026-10-07 10:00:00;10:00:00;7258,436;1;SE;Sudeste;UFV;ONS
2026-09-29;2026-10-07;2026-10-07 10:30:00;10:30:00;7319,264;1;SE;Sudeste;UFV;ONS
2026-09-29;2026-10-07;2026-10-07 11:00:00;11:00:00;7327,121;1;SE;Sudeste;UFV;ONS
2026-09-29;2026-10-07;2026-10-07 11:30:00;11:30:00;7181,079;1;SE;Sudeste;UFV;ONS
2026-09-29;2026-10-07;2026-10-07 12:00:00;12:00:00;7055,877;1;SE;Sudeste;UFV;ONS
2026-09-29;2026-10-07;2026-10-07 12:30:00;12:30:00;6996,885;1;SE;Sudeste;UFV;ONS
2026-09-29;2026-10-07;2026-10-07 13:00:00;13:00:00;7001,895;1;SE;Sudeste;UFV;ONS
2026-09-29;2026-10-07;2026-10-07 13:30:00;13:30:00;7199,698;1;SE;Sudeste;UFV;ONS
2026-09-29;2026-10-07;2026-10-07 14:00:00;14:00:00;7292,08;1;SE;Sudeste;UFV;ONS
2026-09-29;2026-10-07;2026-10-07 14:30:00;14:30:00;7342,587;1;SE;Sudeste;UFV;ONS
2026-09-29;2026-10-07;2026-10-07 15:00:00;15:00:00;7044,519;1;SE;Sudeste;UFV;ONS
2026-09-29;2026-10-07;2026-10-07 15:30:00;15:30:00;6427,53;1;SE;Sudeste;UFV;ONS
2026-09-29;2026-10-07;2026-10-07 16:00:00;16:00:00;5330,121;1;SE;Sudeste;UFV;ONS
2026-09-29;2026-10-07;2026-10-07 16:30:00;16:30:00;3809,803;1;SE;Sudeste;UFV;ONS
2026-09-29;2026-10-07;2026-10-07 17:00:00;17:00:00;1879,949;1;SE;Sudeste;UFV;ONS
2026-09-29;2026-10-07;2026-10-07 17:30:00;17:30:00;326,372;1;SE;Sudeste;UFV;ONS
2026-09-29;2026-10-07;2026-10-07 18:00:00;18:00:00;39,453;1;SE;Sudeste;UFV;ONS
2026-09-29;2026-10-07;2026-10-07 18:30:00;18:30:00;0,0;1;SE;Sudeste;UFV;ONS
2026-09-29;2026-10-07;2026-10-07 19:00:00;19:00:00;0,0;1;SE;Sudeste;UFV;ONS
2026-09-29;2026-10-07;2026-10-07 19:30:00;19:30:00;0,0;1;SE;Sudeste;UFV;ONS
2026-09-29;2026-10-07;2026-10-07 20:00:00;20:00:00;0,0;1;SE;Sudeste;UFV;ONS
2026-09-29;2026-10-07;2026-10-07 20:30:00;20:30:00;0,0;1;SE;Sudeste;UFV;ONS
2026-09-29;2026-10-07;2026-10-07 21:00:00;21:00:00;0,0;1;SE;Sudeste;UFV;ONS
2026-09-29;2026-10-07;2026-10-07 21:30:00;21:30:00;0,0;1;SE;Sudeste;UFV;ONS
2026-09-29;2026-10-07;2026-10-07 22:00:00;22:00:00;0,0;1;SE;Sudeste;UFV;ONS
2026-09-29;2026-10-07;2026-10-07 22:30:00;22:30:00;0,0;1;SE;Sudeste;UFV;ONS
2026-09-29;2026-10-07;2026-10-07 23:00:00;23:00:00;0,0;1;SE;Sudeste;UFV;ONS
2026-09-29;2026-10-07;2026-10-07 23:30:00;23:30:00;0,0;1;SE;Sudeste;UFV;ONS
2026-09-29;2026-10-08;2026-10-08 00:00:00;00:00:00;0,0;1;SE;Sudeste;UFV;ONS
2026-09-29;2026-10-08;2026-10-08 00:30:00;00:30:00;0,0;1;SE;Sudeste;UFV;ONS
2026-09-29;2026-10-08;2026-10-08 01:00:00;01:00:00;0,0;1;SE;Sudeste;UFV;ONS
2026-09-29;2026-10-08;2026-10-08 01:30:00;01:30:00;0,0;1;SE;Sudeste;UFV;ONS
2026-09-29;2026-10-08;2026-10-08 02:00:00;02:00:00;0,0;1;SE;Sudeste;UFV;ONS
2026-09-29;2026-10-08;2026-10-08 02:30:00;02:30:00;0,0;1;SE;Sudeste;UFV;ONS
2026-09-29;2026-10-08;2026-10-08 03:00:00;03:00:00;0,0;1;SE;Sudeste;UFV;ONS
2026-09-29;2026-10-08;2026-10-08 03:30:00;03:30:00;0,0;1;SE;Sudeste;UFV;ONS
2026-09-29;2026-10-08;2026-10-08 04:00:00;04:00:00;0,0;1;SE;Sudeste;UFV;ONS
2026-09-29;2026-10-08;2026-10-08 04:30:00;04:30:00;0,0;1;SE;Sudeste;UFV;ONS
2026-09-29;2026-10-08;2026-10-08 05:00:00;05:00:00;0,0;1;SE;Sudeste;UFV;ONS
2026-09-29;2026-10-08;2026-10-08 05:30:00;05:30:00;1,909;1;SE;Sudeste;UFV;ONS
2026-09-29;2026-10-08;2026-10-08 06:00:00;06:00:00;450,502;1;SE;Sudeste;UFV;ONS
2026-09-29;2026-10-08;2026-10-08 06:30:00;06:30:00;2152,652;1;SE;Sudeste;UFV;ONS
2026-09-29;2026-10-08;2026-10-08 07:00:00;07:00:00;4002,045;1;SE;Sudeste;UFV;ONS
2026-09-29;2026-10-08;2026-10-08 07:30:00;07:30:00;5461,852;1;SE;Sudeste;UFV;ONS
2026-09-29;2026-10-08;2026-10-08 08:00:00;08:00:00;6493,444;1;SE;Sudeste;UFV;ONS
2026-09-29;2026-10-08;2026-10-08 08:30:00;08:30:00;7109,863;1;SE;Sudeste;UFV;ONS
2026-09-29;2026-10-08;2026-10-08 09:00:00;09:00:00;7298,641;1;SE;Sudeste;UFV;ONS
2026-09-29;2026-10-08;2026-10-08 09:30:00;09:30:00;7251,489;1;SE;Sudeste;UFV;ONS
2026-09-29;2026-10-08;2026-10-08 10:00:00;10:00:00;7235,937;1;SE;Sudeste;UFV;ONS
2026-09-29;2026-10-08;2026-10-08 10:30:00;10:30:00;7217,498;1;SE;Sudeste;UFV;ONS
2026-09-29;2026-10-08;2026-10-08 11:00:00;11:00:00;7188,346;1;SE;Sudeste;UFV;ONS
2026-09-29;2026-10-08;2026-10-08 11:30:00;11:30:00;7031,195;1;SE;Sudeste;UFV;ONS
2026-09-29;2026-10-08;2026-10-08 12:00:00;12:00:00;6921,779;1;SE;Sudeste;UFV;ONS
2026-09-29;2026-10-08;2026-10-08 12:30:00;12:30:00;6898,077;1;SE;Sudeste;UFV;ONS
2026-09-29;2026-10-08;2026-10-08 13:00:00;13:00:00;6949,516;1;SE;Sudeste;UFV;ONS
2026-09-29;2026-10-08;2026-10-08 13:30:00;13:30:00;7198,955;1;SE;Sudeste;UFV;ONS
2026-09-29;2026-10-08;2026-10-08 14:00:00;14:00:00;7341,789;1;SE;Sudeste;UFV;ONS
2026-09-29;2026-10-08;2026-10-08 14:30:00;14:30:00;7425,165;1;SE;Sudeste;UFV;ONS
2026-09-29;2026-10-08;2026-10-08 15:00:00;15:00:00;7127,51;1;SE;Sudeste;UFV;ONS
2026-09-29;2026-10-08;2026-10-08 15:30:00;15:30:00;6503,832;1;SE;Sudeste;UFV;ONS
2026-09-29;2026-10-08;2026-10-08 16:00:00;16:00:00;5393,7;1;SE;Sudeste;UFV;ONS
2026-09-29;2026-10-08;2026-10-08 16:30:00;16:30:00;3860,07;1;SE;Sudeste;UFV;ONS
2026-09-29;2026-10-08;2026-10-08 17:00:00;17:00:00;1913,872;1;SE;Sudeste;UFV;ONS
2026-09-29;2026-10-08;2026-10-08 17:30:00;17:30:00;302,439;1;SE;Sudeste;UFV;ONS
2026-09-29;2026-10-08;2026-10-08 18:00:00;18:00:00;40,51;1;SE;Sudeste;UFV;ONS
2026-09-29;2026-10-08;2026-10-08 18:30:00;18:30:00;0,0;1;SE;Sudeste;UFV;ONS
2026-09-29;2026-10-08;2026-10-08 19:00:00;19:00:00;0,0;1;SE;Sudeste;UFV;ONS
2026-09-29;2026-10-08;2026-10-08 19:30:00;19:30:00;0,0;1;SE;Sudeste;UFV;ONS
2026-09-29;2026-10-08;2026-10-08 20:00:00;20:00:00;0,0;1;SE;Sudeste;UFV;ONS
2026-09-29;2026-10-08;2026-10-08 20:30:00;20:30:00;0,0;1;SE;Sudeste;UFV;ONS
2026-09-29;2026-10-08;2026-10-08 21:00:00;21:00:00;0,0;1;SE;Sudeste;UFV;ONS
2026-09-29;2026-10-08;2026-10-08 21:30:00;21:30:00;0,0;1;SE;Sudeste;UFV;ONS
2026-09-29;2026-10-08;2026-10-08 22:00:00;22:00:00;0,0;1;SE;Sudeste;UFV;ONS
2026-09-29;2026-10-08;2026-10-08 22:30:00;22:30:00;0,0;1;SE;Sudeste;UFV;ONS
2026-09-29;2026-10-08;2026-10-08 23:00:00;23:00:00;0,0;1;SE;Sudeste;UFV;ONS
2026-09-29;2026-10-08;2026-10-08 23:30:00;23:30:00;0,0;1;SE;Sudeste;UFV;ONS
