datahora;NE;SE;SIN
2026-09-29 00:00:00;0,0;0,0;0,0
2026-09-29 01:00:00;0,0;0,0;0,0
2026-09-29 02:00:00;0,0;0,0;0,0
2026-09-29 03:00:00;0,0;0,0;0,0
2026-09-29 04:00:00;0,0;0,0;0,0
2026-09-29 05:00:00;199,311;4,692;204,003
2026-09-29 06:00:00;3740,908;1784,542;5525,45
2026-09-29 07:00:00;7124,638;5541,224;12665,863
2026-09-29 08:00:00;8569,845;7601,547;16171,392
2026-09-29 09:00:00;8671,74;7836,96;16508,7
2026-09-29 10:00:00;8658,914;7741,349;16400,264
2026-09-29 11:00:00;8595,086;7651,343;16246,428
2026-09-29 12:00:00;8420,277;7336,699;15756,976
2026-09-29 13:00:00;8418,988;7501,711;15920,698
2026-09-29 14:00:00;8331,072;7845,815;16176,886
2026-09-29 15:00:00;7146,883;7337,258;14484,141
2026-09-29 16:00:00;4122,478;5098,164;9220,642
2026-09-29 17:00:00;459,061;1305,327;1764,387
2026-09-29 18:00:00;2,375;19,658;22,033
2026-09-29 19:00:00;0,0;0,0;0,0
2026-09-29 20:00:00;0,0;0,0;0,0
2026-09-29 21:00:00;0,0;0,0;0,0
2026-09-29 22:00:00;0,0;0,0;0,0
2026-09-29 23:00:00;0,0;0,0;0,0
2026-09-30 00:00:00;0,0;0,0;0,0
2026-09-30 01:00:00;0,0;0,0;0,0
2026-09-30 02:00:00;0,0;0,0;0,0
2026-09-30 03:00:00;0,0;0,0;0,0
2026-09-30 04:00:00;0,0;0,0;0,0
2026-09-30 05:00:00;204,887;0,483;205,37
2026-09-30 06:00:00;3360,276;1759,102;5119,379
2026-09-30 07:00:00;6581,264;5471,547;12052,81
2026-09-30 08:00:00;8031,488;7514,7;15546,188
2026-09-30 09:00:00;8228,039;7892,43;16120,469
2026-09-30 10:00:00;8274,768;7884,492;16159,26
2026-09-30 11:00:00;8266,601;7772,23;16038,832
2026-09-30 12:00:00;8120,163;7498,351;15618,514
2026-09-30 13:00:00;8110,118;7609,592;15719,71
2026-09-30 14:00:00;8137,82;7787,643;15925,463
2026-09-30 15:00:00;7131,895;7007,549;14139,443
2026-09-30 16:00:00;4219,216;4660,259;8879,475
2026-09-30 17:00:00;457,62;1107,708;1565,328
2026-09-30 18:00:00;2,364;19,261;21,625
2026-09-30 19:00:00;0,0;0,0;0,0
2026-09-30 20:00:00;0,0;0,0;0,0
2026-09-30 21:00:00;0,0;0,0;0,0
2026-09-30 22:00:00;0,0;0,0;0,0
2026-09-30 23:00:00;0,0;0,0;0,0
2026-10-01 00:00:00;0,0;0,0;0,0
2026-10-01 01:00:00;0,0;0,0;0,0
2026-10-01 02:00:00;0,0;0,0;0,0
2026-10-01 03:00:00;0,0;0,0;0,0
2026-10-01 04:00:00;0,0;0,0;0,0
2026-10-01 05:00:00;202,995;15,835;218,831
2026-10-01 06:00:00;3557,603;1776,195;5333,798
2026-10-01 07:00:00;6849,14;5387,693;12236,833
2026-10-01 08:00:00;8338,36;7362,583;15700,944
2026-10-01 09:00:00;8518,456;7694,492;16212,948
2026-10-01 10:00:00;8499,172;7730,499;16229,671
2026-10-01 11:00:00;8433,794;7643,117;16076,911
2026-10-01 12:00:00;8265,231;7347,744;15612,975
2026-10-01 13:00:00;8231,036;7270,096;15501,132
2026-10-01 14:00:00;8231,987;7197,809;15429,796
2026-10-01 15:00:00;7201,3;6336,612;13537,912
2026-10-01 16:00:00;4251,161;4122,363;8373,524
2026-10-01 17:00:00;458,123;879,315;1337,438
2026-10-01 18:00:00;2,454;16,018;18,472
2026-10-01 19:00:00;0,0;0,0;0,0
2026-10-01 20:00:00;0,0;0,0;0,0
2026-10-01 21:00:00;0,0;0,0;0,0
2026-10-01 22:00:00;0,0;0,0;0,0
2026-10-01 23:00:00;0,0;0,0;0,0
2026-10-02 00:00:00;0,0;0,0;0,0
2026-10-02 01:00:00;0,0;0,0;0,0
2026-10-02 02:00:00;0,0;0,0;0,0
2026-10-02 03:00:00;0,0;0,0;0,0
2026-10-02 04:00:00;0,0;0,0;0,0
2026-10-02 05:00:00;221,748;1,506;223,255
2026-10-02 06:00:00;3641,507;1501,814;5143,321
2026-10-02 07:00:00;6918,094;4815,158;11733,252
2026-10-02 08:00:00;8346,164;6805,165;15151,33
2026-10-02 09:00:00;8499,19;7257,763;15756,953
2026-10-02 10:00:00;8491,382;7264,056;15755,438
2026-10-02 11:00:00;8451,588;7118,219;15569,807
2026-10-02 12:00:00;8303,251;6844,417;15147,667
2026-10-02 13:00:00;8270,117;6750,401;15020,519
2026-10-02 14:00:00;8231,471;6666,61;14898,081
2026-10-02 15:00:00;7100,574;5933,44;13034,014
2026-10-02 16:00:00;4118,431;3883,526;8001,957
2026-10-02 17:00:00;388,988;844,062;1233,05
2026-10-02 18:00:00;2,076;14,964;17,039
2026-10-02 19:00:00;0,0;0,0;0,0
2026-10-02 20:00:00;0,0;0,0;0,0
2026-10-02 21:00:00;0,0;0,0;0,0
2026-10-02 22:00:00;0,0;0,0;0,0
2026-10-02 23:00:00;0,0;0,0;0,0
2026-10-03 00:00:00;0,0;0,0;0,0
2026-10-03 01:00:00;0,0;0,0;0,0
2026-10-03 02:00:00;0,0;0,0;0,0
2026-10-03 03:00:00;0,0;0,0;0,0
2026-10-03 04:00:00;0,0;0,0;0,0
2026-10-03 05:00:00;231,408;0,0;231,408
2026-10-03 06:00:00;3538,67;1163,389;4702,059
2026-10-03 07:00:00;6827,326;4135,992;10963,318
2026-10-03 08:00:00;8254,514;6050,897;14305,411
2026-10-03 09:00:00;8362,731;6676,853;15039,584
2026-10-03 10:00:00;8363,281;6813,176;15176,457
2026-10-03 11:00:00;8359,84;6772,48;15132,319
2026-10-03 12:00:00;8243,742;6620,096;14863,838
2026-10-03 13:00:00;8175,434;6529,165;14704,599
2026-10-03 14:00:00;8059,951;6347,228;14407,179
2026-10-03 15:00:00;6938,741;5450,093;12388,834
2026-10-03 16:00:00;4053,893;3465,835;7519,728
2026-10-03 17:00:00;410,348;642,038;1052,386
2026-10-03 18:00:00;2,051;18,793;20,843
2026-10-03 19:00:00;0,0;0,0;0,0
2026-10-03 20:00:00;0,0;0,0;0,0
2026-10-03 21:00:00;0,0;0,0;0,0
2026-10-03 22:00:00;0,0;0,0;0,0
2026-10-03 23:00:00;0,0;0,0;0,0
2026-10-04 00:00:00;0,0;0,0;0,0
2026-10-04 01:00:00;0,0;0,0;0,0
2026-10-04 02:00:00;0,0;0,0;0,0
2026-10-04 03:00:00;0,0;0,0;0,0
2026-10-04 04:00:00;0,0;0,0;0,0
2026-10-04 05:00:00;167,968;0,0;167,968
2026-10-04 06:00:00;3183,914;658,57;3842,485
2026-10-04 07:00:00;6583,344;3420,06;10003,404
2026-10-04 08:00:00;8224,007;5475,075;13699,082
2026-10-04 09:00:00;8454,323;6298,616;14752,939
2026-10-04 10:00:00;8460,6;6510,842;14971,442
2026-10-04 11:00:00;8449,504;6521,793;14971,297
2026-10-04 12:00:00;8323,133;6343,99;14667,123
2026-10-04 13:00:00;8289,084;6182,774;14471,858
2026-10-04 14:00:00;8226,979;5894,882;14121,86
2026-10-04 15:00:00;7138,198;4939,814;12078,012
2026-10-04 16:00:00;4152,521;3134,57;7287,092
2026-10-04 17:00:00;424,628;604,516;1029,144
2026-10-04 18:00:00;2,015;18,192;20,207
2026-10-04 19:00:00;0,0;0,0;0,0
2026-10-04 20:00:00;0,0;0,0;0,0
2026-10-04 21:00:00;0,0;0,0;0,0
2026-10-04 22:00:00;0,0;0,0;0,0
2026-10-04 23:00:00;0,0;0,0;0,0
2026-10-05 00:00:00;0,0;0,0;0,0
2026-10-05 01:00:00;0,0;0,0;0,0
2026-10-05 02:00:00;0,0;0,0;0,0
2026-10-05 03:00:00;0,0;0,0;0,0
2026-10-05 04:00:00;0,0;0,0;0,0
2026-10-05 05:00:00;173,714;0,0;173,714
2026-10-05 06:00:00;3402,274;1227,22;4629,494
2026-10-05 07:00:00;6895,861;4406,822;11302,683
2026-10-05 08:00:00;8502,7;6330,62;14833,32
2026-10-05 09:00:00;8621,051;6906,88;15527,931
2026-10-05 10:00:00;8579,822;7005,811;15585,633
2026-10-05 11:00:00;8534,246;6986,765;15521,012
2026-10-05 12:00:00;8384,248;6814,774;15199,021
2026-10-05 13:00:00;8401,808;6805,039;15206,847
2026-10-05 14:00:00;8440,368;6821,519;15261,886
2026-10-05 15:00:00;7403,975;6104,221;13508,196
2026-10-05 16:00:00;4393,928;4023,907;8417,835
2026-10-05 17:00:00;468,128;897,797;1365,925
2026-10-05 18:00:00;2,444;18,551;20,994
2026-10-05 19:00:00;0,0;0,0;0,0
2026-10-05 20:00:00;0,0;0,0;0,0
2026-10-05 21:00:00;0,0;0,0;0,0
2026-10-05 22:00:00;0,0;0,0;0,0
2026-10-05 23:00:00;0,0;0,0;0,0
2026-10-06 00:00:00;0,0;0,0;0,0
2026-10-06 01:00:00;0,0;0,0;0,0
2026-10-06 02:00:00;0,0;0,0;0,0
2026-10-06 03:00:00;0,0;0,0;0,0
2026-10-06 04:00:00;0,0;0,0;0,0
2026-10-06 05:00:00;174,416;0,0;174,416
2026-10-06 06:00:00;3361,312;1302,822;4664,134
2026-10-06 07:00:00;6824,967;4629,943;11454,911
2026-10-06 08:00:00;8435,008;6662,23;15097,238
2026-10-06 09:00:00;8587,909;7200,758;15788,667
2026-10-06 10:00:00;8553,843;7230,7;15784,544
2026-10-06 11:00:00;8496,451;7137,321;15633,772
2026-10-06 12:00:00;8319,022;6942,813;15261,835
2026-10-06 13:00:00;8294,154;6976,755;15270,909
2026-10-06 14:00:00;8293,856;7098,929;15392,785
2026-10-06 15:00:00;7240,494;6488,472;13728,966
2026-10-06 16:00:00;4257,939;4369,072;8627,012
2026-10-06 17:00:00;457,164;1020,614;1477,778
2026-10-06 18:00:00;2,198;17,083;19,281
2026-10-06 19:00:00;0,0;0,0;0,0
2026-10-06 20:00:00;0,0;0,0;0,0
2026-10-06 21:00:00;0,0;0,0;0,0
2026-10-06 22:00:00;0,0;0,0;0,0
2026-10-06 23:00:00;0,0;0,0;0,0
2026-10-07 00:00:00;0,0;0,0;0,0
2026-10-07 01:00:00;0,0;0,0;0,0
2026-10-07 02:00:00;0,0;0,0;0,0
2026-10-07 03:00:00;0,0;0,0;0,0
2026-10-07 04:00:00;0,0;0,0;0,0
2026-10-07 05:00:00;178,848;0,0;178,848
2026-10-07 06:00:00;3331,603;1308,789;4640,392
2026-10-07 07:00:00;6800,142;4667,776;11467,919
2026-10-07 08:00:00;8421,15;6640,129;15061,279
2026-10-07 09:00:00;8587,915;7175,314;15763,229
2026-10-07 10:00:00;8565,692;7288,85;15854,542
2026-10-07 11:00:00;8523,856;7254,1;15777,956
2026-10-07 12:00:00;8344,173;7026,381;15370,554
2026-10-07 13:00:00;8316,758;7100,796;15417,555
2026-10-07 14:00:00;8321,86;7317,333;15639,193
2026-10-07 15:00:00;7278,397;6736,025;14014,422
2026-10-07 16:00:00;4297,065;4569,962;8867,027
2026-10-07 17:00:00;465,651;1103,161;1568,811
2026-10-07 18:00:00;2,135;19,727;21,862
2026-10-07 19:00:00;0,0;0,0;0,0
2026-10-07 20:00:00;0,0;0,0;0,0
2026-10-07 21:00:00;0,0;0,0;0,0
2026-10-07 22:00:00;0,0;0,0;0,0
2026-10-07 23:00:00;0,0;0,0;0,0
2026-10-08 00:00:00;0,0;0,0;0,0
2026-10-08 01:00:00;0,0;0,0;0,0
2026-10-08 02:00:00;0,0;0,0;0,0
2026-10-08 03:00:00;0,0;0,0;0,0
2026-10-08 04:00:00;0,0;0,0;0,0
2026-10-08 05:00:00;174,25;0,955;175,204
2026-10-08 06:00:00;3350,365;1301,577;4651,942
2026-10-08 07:00:00;6801,554;4731,948;11533,502
2026-10-08 08:00:00;8410,547;6801,654;15212,201
2026-10-08 09:00:00;8590,628;7275,065;15865,693
2026-10-08 10:00:00;8590,3;7226,718;15817,018
2026-10-08 11:00:00;8541,984;7109,771;15651,755
2026-10-08 12:00:00;8360,309;6909,928;15270,237
2026-10-08 13:00:00;8343,367;7074,236;15417,603
2026-10-08 14:00:00;8374,774;7383,477;15758,251
2026-10-08 15:00:00;7341,512;6815,671;14157,183
2026-10-08 16:00:00;4332,722;4626,885;8959,607
2026-10-08 17:00:00;461,964;1108,156;1570,12
2026-10-08 18:00:00;2,302;20,255;22,557
2026-10-08 19:00:00;0,0;0,0;0,0
2026-10-08 20:00:00;0,0;0,0;0,0
2026-10-08 21:00:00;0,0;0,0;0,0
2026-10-08 22:00:00;0,0;0,0;0,0
2026-10-08 23:00:00;0,0;0,0;0,0
